Date,Customer_ID,Product_ID,Time_Spent_On_Ads,Ads_ID,Daily_Internet_Usage,Number_ClicksAds,Number_ProductBought
2020-06-20,309,42,12,21,8.8,13,4
2019-12-29,129,17,1,20,1.9,14,1
2020-06-04,200,4,1,28,7.9,26,1
2019-02-14,246,10,15,30,3.9,24,5
2019-02-23,138,23,12,19,4.0,21,5
2019-09-09,350,70,6,25,7.3,2,3
2020-10-01,60,69,1,1,6.3,19,5
2020-08-09,46,58,12,22,1.0,19,0
2019-03-03,451,10,1,7,7.0,13,4
2020-09-15,396,39,4,4,3.5,27,1
2020-09-02,442,47,15,50,8.4,4,5
2020-07-28,105,43,2,42,0.6,19,3
2019-02-06,227,100,12,28,6.7,2,4
2020-03-02,200,38,4,4,7.8,18,0
2020-08-30,25,9,6,16,1.1,22,1
2020-08-09,423,55,13,27,8.5,4,0
2020-09-16,428,85,14,2,1.5,9,1
2020-02-14,134,34,13,50,8.5,30,0
2020-07-10,42,94,5,44,4.0,19,0
2020-11-14,433,68,8,48,9.6,21,4
2020-09-14,392,99,7,11,2.0,2,5
2020-01-01,218,88,2,17,7.2,17,1
2019-03-24,152,86,15,2,4.9,7,1
2019-06-07,428,75,10,38,9.2,17,5
2019-04-03,219,99,6,29,3.0,14,5
2020-09-06,471,65,5,5,9.1,22,0
2019-05-24,262,32,7,45,5.6,6,3
2020-05-12,20,34,10,43,5.7,17,3
2019-02-20,355,75,8,16,4.1,16,0
2019-09-14,87,55,9,41,8.1,17,4
2020-10-31,373,52,4,12,6.9,20,0
2020-04-30,168,56,14,31,6.9,7,1
2020-05-24,221,53,10,36,5.9,27,3
2019-11-04,476,3,4,36,0.9,5,3
2019-03-18,490,54,14,36,6.6,3,1
2019-04-08,191,17,15,47,8.7,23,3
2019-12-18,90,52,14,30,8.7,2,0
2020-01-07,334,36,5,16,2.3,22,2
2019-10-03,398,95,8,50,6.4,17,0
2019-02-28,267,101,14,3,2.3,21,1
2020-10-26,317,41,4,14,1.1,27,0
2020-11-23,383,50,13,31,4.2,8,3
2019-11-28,214,59,4,28,2.7,20,0
2019-06-21,14,1,15,40,2.0,24,0
2019-10-02,3,69,9,38,1.5,22,1
2020-01-13,88,84,7,23,7.0,4,0
2019-03-01,109,39,15,41,6.5,22,5
2020-10-22,415,39,14,28,1.3,7,2
2020-07-02,59,99,13,13,1.7,19,0
2020-11-01,386,60,12,16,0.6,24,3
2019-07-31,334,11,10,32,8.0,14,4
2019-12-02,14,90,10,40,7.9,19,2
2020-08-24,375,5,14,19,4.8,18,4
2020-09-22,310,96,9,24,7.9,11,5
2019-09-21,209,41,2,11,6.1,9,3
2019-07-08,293,51,15,11,6.7,19,5
2020-04-11,387,62,7,43,9.2,15,1
2019-06-10,279,75,3,10,9.3,20,1
2020-06-27,421,73,10,22,8.4,4,2
2019-06-22,115,32,11,8,1.2,5,5
2020-03-02,488,5,5,38,1.1,13,0
2020-12-29,495,36,7,27,1.0,28,4
2020-05-27,4,12,11,45,8.9,2,3
2020-06-14,237,62,15,27,9.0,3,4
2019-09-29,270,17,11,44,8.6,8,4
2020-03-26,166,66,9,18,5.5,30,2
2020-12-08,186,84,13,5,2.2,3,3
2020-03-15,211,88,6,50,1.1,16,5
2019-07-23,185,38,12,47,1.8,21,1
2019-04-18,402,43,11,14,10.0,23,2
2019-09-18,430,62,10,5,8.3,28,0
2019-11-03,28,53,5,41,9.0,22,5
2019-02-26,73,38,6,25,5.7,27,3
2020-08-10,317,71,15,29,5.6,3,0
2019-02-09,115,101,15,28,3.5,19,2
2019-08-16,461,85,7,9,1.7,5,0
2019-09-16,182,70,6,38,7.1,3,2
2019-05-31,447,98,13,44,7.5,20,0
2020-11-08,99,55,3,5,6.3,8,1
2019-08-21,390,52,2,46,3.4,17,2
2019-09-17,190,69,4,20,3.5,10,3
2019-02-06,367,22,10,17,1.6,13,4
2019-02-22,147,26,10,29,2.8,7,1
2019-04-03,450,41,1,20,6.9,20,3
2020-08-13,454,39,6,15,3.1,26,1
2019-12-04,440,58,2,28,6.6,23,3
2020-01-25,258,85,6,16,6.5,29,1
2019-02-27,258,40,14,23,9.6,13,2
2020-05-05,186,92,4,35,4.4,28,0
2020-04-15,384,66,3,12,4.1,10,3
2019-02-17,404,18,3,2,8.7,28,4
2019-06-09,291,70,11,13,4.8,23,4
2020-01-23,83,89,7,31,6.7,11,4
2020-12-03,57,15,2,21,4.9,18,4
2020-10-21,206,19,8,50,8.7,4,3
2019-05-09,312,84,7,30,10.0,1,0
2020-10-04,154,98,14,26,3.7,13,1
2019-11-29,102,79,3,36,3.0,19,2
2020-02-19,356,70,6,47,9.9,15,4
2020-11-20,493,23,10,35,3.1,10,2
2019-11-24,477,69,9,37,6.2,14,2
2019-10-25,264,58,13,29,4.0,5,5
2019-04-11,137,51,8,50,7.4,28,0
2020-08-23,421,11,15,30,7.1,20,3
2019-08-24,253,86,13,24,6.2,1,5
2020-01-23,498,59,9,27,7.4,4,3
2020-07-05,96,24,9,7,6.4,25,3
2019-08-18,144,75,7,39,4.9,6,1
2019-12-29,280,15,15,48,3.9,28,0
2020-12-08,51,43,5,24,1.4,10,3
2020-09-06,33,61,3,38,7.6,14,5
2020-01-05,458,89,6,41,8.7,24,1
2020-08-12,165,48,9,23,8.1,15,3
2020-04-12,109,4,14,15,2.7,17,4
2019-05-25,153,86,8,13,4.2,5,0
2019-04-16,191,54,7,33,1.9,3,1
2019-03-01,485,50,12,25,3.9,18,3
2020-07-22,248,55,11,10,6.9,11,4
2019-09-01,486,99,3,42,8.7,19,1
2020-10-18,256,88,15,1,9.8,13,1
2019-06-22,431,80,13,32,4.7,15,4
2019-08-14,33,76,14,44,0.6,26,0
2020-09-21,412,82,7,33,5.8,20,2
2020-08-27,59,53,9,19,1.0,21,3
2020-10-21,453,19,9,46,6.3,29,3
2020-01-02,393,67,12,6,7.9,9,1
2019-08-19,78,17,8,15,8.1,29,0
2020-04-30,29,10,11,32,9.9,21,3
2020-05-30,421,47,14,30,0.9,23,2
2020-03-07,92,3,9,34,1.7,14,5
2020-05-22,433,92,1,29,8.2,23,4
2019-08-12,128,72,2,48,2.9,11,2
2020-03-14,260,80,15,46,8.4,24,1
2020-08-20,142,83,8,48,2.8,24,3
2019-12-24,149,61,7,38,1.6,1,1
2019-02-24,249,59,15,42,2.9,23,4
2020-08-31,475,85,5,11,9.0,8,2
2019-01-09,40,55,1,6,7.9,24,0
2019-08-08,298,2,1,14,6.3,14,1
2019-02-01,403,46,11,34,7.0,11,4
2020-04-29,81,50,12,13,6.3,26,2
2020-11-13,469,94,12,20,5.4,10,2
2020-05-15,492,50,3,27,0.9,18,0
2019-04-12,239,99,8,16,5.0,12,5
2019-09-20,31,2,7,27,7.3,30,1
2020-11-03,306,99,12,39,10.0,26,2
2020-07-16,57,65,5,7,8.8,29,0
2020-07-14,235,96,3,10,2.8,1,5
2020-03-07,138,5,10,42,0.8,22,1
2019-11-20,86,16,4,31,1.3,13,0
2020-01-09,368,37,4,20,8.1,29,4
2019-02-19,206,35,14,30,1.7,8,0
2020-08-16,360,60,4,12,7.8,21,2
2019-05-28,55,73,2,18,3.9,21,4
2019-02-18,352,56,12,26,4.9,19,5
2019-06-07,217,41,12,6,2.3,7,1
2019-06-01,410,47,4,44,1.8,28,1
2020-01-27,161,71,4,16,0.6,23,1
2019-05-29,71,53,11,19,5.8,3,2
2020-04-23,344,73,1,24,8.4,1,4
2020-07-21,394,62,5,19,4.0,11,5
2019-12-06,268,8,6,46,9.1,20,0
2019-08-14,314,96,3,42,6.0,24,4
2019-06-07,291,45,12,10,1.1,20,2
2020-01-09,417,53,15,21,9.4,16,5
2019-03-16,381,52,12,34,6.1,6,2
2019-01-13,322,4,6,44,4.0,30,2
2020-06-27,354,60,4,47,9.0,18,0
2020-08-26,54,80,11,9,4.1,15,4
2019-06-27,45,12,8,48,9.1,2,3
2020-03-22,357,59,14,20,4.1,4,1
2020-07-04,316,93,7,46,1.0,7,1
2019-02-11,171,88,14,47,2.8,18,2
2020-06-22,19,97,1,18,3.3,16,4
2019-06-04,74,62,1,17,8.4,18,1
2019-08-28,281,34,11,8,2.8,8,0
2019-08-09,267,87,5,22,4.5,12,4
2020-04-12,386,48,3,39,3.9,9,2
2020-10-16,470,18,9,8,6.0,9,3
2020-03-24,214,63,4,24,3.6,17,1
2020-06-03,299,28,1,22,5.3,20,3
2019-07-01,109,25,14,35,7.6,23,4
2019-12-18,445,60,2,16,9.4,23,1
2020-11-22,494,47,11,2,8.1,17,4
2020-02-04,30,5,11,28,4.8,25,2
2019-01-09,5,99,9,13,0.7,29,2
2019-06-20,17,43,8,33,0.9,25,5
2019-12-16,101,69,1,44,3.3,18,4
2019-09-01,470,33,6,26,9.5,19,5
2020-07-19,69,44,9,13,2.8,2,5
2020-09-05,194,5,9,32,4.4,28,3
2020-05-27,21,80,7,35,4.7,12,2
2019-06-15,150,49,10,42,2.1,12,3
2020-08-26,82,23,3,6,2.5,12,3
2019-01-29,180,22,13,50,2.1,1,5
2019-02-26,5,1,13,16,8.9,15,5
2019-04-05,257,83,3,15,2.7,9,5
2019-07-13,347,93,4,2,8.9,18,4
2019-06-02,185,77,1,18,1.2,18,3
2020-11-30,316,21,9,45,6.4,13,4
2019-02-19,443,63,6,27,9.2,6,0
2020-09-04,219,52,14,27,0.9,23,4
2019-07-17,256,50,15,14,6.4,16,0
2019-04-11,259,43,2,29,3.4,25,1
2019-03-06,288,44,14,4,4.9,14,2
2020-07-15,51,81,14,47,3.1,5,1
2020-02-20,135,81,1,34,8.1,13,2
2019-05-06,248,42,12,6,2.5,29,1
2020-06-28,46,70,10,47,6.3,2,3
2019-04-18,11,21,15,49,9.4,15,1
2020-02-06,147,94,2,32,5.3,5,0
2019-03-18,330,100,7,46,7.8,1,1
2019-09-25,276,35,9,46,5.3,27,3
2019-12-01,212,46,12,19,2.0,28,0
2019-04-05,25,41,14,14,5.9,14,5
2019-08-13,383,28,6,37,3.9,17,5
2019-01-15,335,9,14,36,0.7,23,2
2020-10-20,469,86,12,17,6.7,13,5
2020-09-27,14,78,6,20,8.8,6,5
2019-09-30,15,53,9,18,5.4,10,2
2020-06-02,142,86,8,25,2.3,30,4
2020-12-05,324,78,12,46,2.7,28,5
2019-12-13,350,61,10,34,5.4,2,3
2019-08-14,211,43,4,31,6.7,5,5
2019-12-31,476,90,6,22,8.9,25,3
2019-03-23,42,10,1,49,7.9,20,0
2019-06-03,318,70,1,19,6.2,20,1
2020-02-12,302,39,12,30,6.6,12,3
2019-05-08,365,29,9,44,7.7,15,1
2019-01-31,68,19,5,4,7.6,17,0
2020-05-09,176,9,11,13,5.2,1,3
2019-07-14,36,56,4,31,6.9,11,5
2020-03-15,404,80,12,42,7.8,30,0
2019-03-16,104,75,13,8,5.2,5,5
2020-04-27,297,68,7,49,7.3,9,1
2019-03-05,200,98,13,42,5.9,29,0
2019-02-07,319,47,5,34,6.3,30,5
2020-03-14,488,69,9,27,3.7,16,5
2019-04-30,176,32,15,41,3.9,27,3
2020-03-03,41,94,6,33,6.3,1,2
2020-09-15,475,26,12,34,1.1,1,1
2020-03-04,220,31,2,51,1.3,24,3
2020-08-06,108,8,11,45,3.9,22,0
2019-04-16,239,35,11,42,4.2,17,2
2019-01-20,48,2,2,26,8.2,25,0
2020-11-12,173,43,3,7,4.7,2,4
2019-09-08,120,20,4,44,5.1,6,0
2020-03-14,430,8,11,10,9.3,15,4
2019-02-05,429,19,2,13,6.3,28,1
2019-09-14,198,39,15,15,5.8,3,5
2020-12-02,214,46,3,7,3.8,23,4
2020-01-13,51,28,10,39,8.2,25,4
2019-12-10,20,9,15,47,3.5,26,1
2019-10-18,226,81,7,5,2.1,7,3
2019-04-10,323,96,5,2,7.1,11,5
2020-07-11,479,49,1,17,6.6,30,0
2019-01-22,309,31,8,47,7.2,15,0
2019-09-11,235,94,4,39,0.5,20,3
2020-09-09,89,84,1,2,6.1,10,1
2019-02-02,458,91,4,22,3.6,3,2
2020-01-22,350,61,13,26,3.4,9,0
2020-08-09,420,94,8,22,2.8,26,1
2020-04-30,13,89,12,6,3.8,19,5
2019-05-22,256,84,7,16,3.5,23,5
2020-07-20,123,65,7,4,7.6,20,4
2020-06-18,161,36,4,35,9.1,11,0
2019-12-21,198,30,5,39,9.6,22,5
2019-06-02,452,1,11,34,4.5,21,3
2019-01-03,248,6,3,2,4.4,17,5
2019-05-20,440,81,7,19,5.9,3,0
2020-01-25,9,68,14,36,1.3,20,5
2019-08-21,287,54,15,22,3.3,12,2
2020-09-26,339,92,15,4,7.2,30,5
2020-06-24,94,82,10,38,8.6,4,3
2019-05-22,294,71,9,8,1.4,4,5
2019-01-22,410,100,5,15,4.0,19,0
2019-02-26,205,13,1,7,5.8,15,2
2019-03-31,208,21,9,5,5.5,10,1
2019-03-17,83,97,1,43,8.4,7,3
2019-01-29,356,80,1,51,6.7,9,5
2019-02-08,236,77,2,28,1.4,24,1
2019-08-26,214,1,1,50,6.7,4,4
2020-09-03,127,58,4,14,1.3,15,1
2019-05-05,8,12,11,44,5.5,25,5
2019-03-16,48,91,5,39,7.2,26,1
2019-05-28,431,94,3,42,1.1,30,5
2019-07-20,205,2,10,19,7.5,7,5
2019-05-30,470,72,14,3,2.0,21,5
2019-07-24,141,5,3,51,8.4,9,2
2019-02-24,128,35,15,6,3.3,3,1
2020-09-14,169,28,5,33,3.9,1,0
2020-03-09,476,101,4,42,6.8,13,4
2019-07-13,386,78,1,19,2.4,21,3
2020-11-01,220,21,11,50,6.1,25,4
2019-10-25,278,69,11,18,4.2,24,1
2019-10-24,133,51,9,20,1.3,26,2
2020-02-25,462,92,12,14,9.4,11,5
2019-12-11,145,49,8,33,2.4,18,3
2019-05-23,493,35,10,35,4.9,13,4
2020-06-30,240,29,3,33,1.1,20,2
2020-02-17,201,10,13,5,1.6,8,4
2019-02-11,372,64,9,34,10.0,16,5
2020-12-13,388,72,9,22,5.9,7,2
2020-06-22,362,79,2,45,5.5,5,0
2019-02-14,92,69,9,42,9.2,30,4
2019-03-28,312,98,8,11,8.2,12,3
2020-09-15,85,92,7,2,2.4,20,2
2020-08-20,92,49,12,31,9.4,7,5
2019-08-01,25,17,15,28,3.5,29,5
2020-06-24,229,84,1,49,3.1,11,5
2020-06-27,228,72,11,27,4.0,27,3
2020-02-05,423,47,3,17,8.8,17,0
2019-09-19,333,90,2,50,5.0,9,3
2020-06-15,394,84,7,2,9.8,8,0
2020-04-14,362,91,2,25,9.8,27,2
2019-09-25,143,39,15,14,1.2,23,4
2020-05-02,232,1,15,28,4.0,5,0
2019-08-11,464,9,7,2,9.2,1,3
2020-08-13,206,10,14,9,3.2,10,2
2019-08-12,92,85,2,20,2.8,13,1
2019-12-18,497,48,2,46,9.5,20,3
2019-12-11,428,85,13,18,5.8,19,0
2019-08-23,306,86,7,10,2.9,9,0
2020-10-24,301,44,5,1,3.0,13,2
2019-03-20,42,64,15,29,7.9,29,3
2020-08-09,456,15,6,49,8.8,5,0
2020-05-20,85,69,12,36,6.0,10,2
2020-11-30,349,28,12,48,0.7,5,3
2019-06-15,124,37,4,4,6.0,15,1
2019-02-05,272,92,9,30,2.4,15,2
2019-09-09,254,62,5,18,6.8,16,1
2019-04-01,310,47,10,47,0.9,12,5
2019-06-23,164,54,5,21,2.7,26,5
2020-02-29,315,58,14,21,3.1,16,4
2019-03-25,177,26,5,49,9.4,28,2
2020-01-23,449,100,10,10,2.2,19,5
2020-06-01,239,4,6,4,7.6,19,0
2020-05-04,410,56,14,49,9.1,29,1
2020-07-28,363,88,8,38,9.2,10,0
2020-06-24,192,40,6,24,7.2,26,3
2020-12-26,469,47,3,35,7.2,25,4
2019-12-10,451,60,13,15,9.9,5,4
2020-11-12,41,12,9,6,0.6,12,5
2019-01-30,181,73,8,4,4.1,25,1
2020-01-02,7,87,13,51,9.9,3,3
2020-01-04,156,81,4,35,9.8,17,4
2020-02-16,263,48,15,10,4.7,12,3
2020-08-19,23,16,15,35,4.0,21,5
2019-04-30,269,48,2,14,5.8,15,1
2020-07-16,500,76,1,27,0.5,24,0
2019-09-01,240,84,13,42,5.8,18,3
2020-12-26,170,59,14,20,9.6,3,5
2019-04-18,53,34,12,3,5.4,12,1
2020-05-30,485,14,8,12,1.0,27,3
2020-02-08,221,99,13,35,8.9,20,2
2019-02-13,462,49,3,11,4.3,7,1
2019-02-16,161,33,11,41,1.5,4,3
2019-05-30,279,64,14,1,4.5,23,2
2020-11-13,13,84,9,46,3.7,15,4
2019-03-03,438,10,7,47,2.9,20,0
2020-03-02,203,42,15,33,6.2,17,5
2019-06-16,161,101,6,26,4.3,3,0
2019-10-08,216,38,9,30,2.0,4,0
2019-04-01,42,22,10,1,8.3,5,3
2020-08-31,151,31,7,20,8.8,8,1
2020-09-06,28,18,13,1,0.8,2,2
2019-07-30,430,90,1,6,6.7,16,3
2019-12-05,499,73,5,11,9.6,24,1
2020-02-24,78,87,5,22,1.8,11,1
2019-06-11,316,98,14,17,9.4,7,2
2019-08-20,429,66,6,47,1.3,5,0
2019-07-19,458,71,6,15,3.8,25,2
2019-06-22,391,48,8,2,2.6,20,2
2019-08-03,128,35,9,13,2.0,15,5
2019-03-18,14,13,2,22,1.9,5,0
2019-03-24,342,23,13,5,2.3,10,0
2020-07-15,171,73,6,24,6.6,21,5
2019-02-17,137,39,10,7,6.5,28,5
2019-08-06,174,56,3,11,2.8,22,3
2020-06-08,189,18,4,41,7.3,24,1
2020-01-21,35,75,3,4,2.2,1,2
2020-12-19,275,64,14,6,4.5,18,2
2019-12-20,442,94,1,42,7.7,22,3
2019-10-01,89,52,14,49,7.6,13,0
2019-04-19,376,78,8,4,5.7,7,0
2020-05-29,245,88,2,49,2.2,5,4
2019-09-19,59,65,15,39,1.8,29,3
2019-08-19,98,99,2,42,5.8,8,5
2020-06-09,273,35,4,11,5.1,10,4
2019-07-23,355,30,9,16,8.0,2,4
2019-05-02,240,5,13,1,9.1,27,2
2019-07-21,336,98,13,49,5.8,27,1
2019-12-08,289,101,14,16,8.0,29,2
2020-03-25,352,64,5,9,1.2,23,5
2020-08-02,37,1,15,20,3.6,14,4
2019-03-12,386,99,7,51,4.9,16,0
2020-07-28,459,7,1,43,4.2,9,3
2020-06-25,240,25,14,48,8.8,4,1
2019-06-05,390,26,14,42,4.3,22,3
2019-09-18,440,63,10,16,0.7,5,2
2020-07-09,354,40,1,4,2.7,21,1
2019-10-01,121,62,1,50,8.5,13,4
2020-08-03,367,91,3,36,4.5,14,5
2020-11-13,482,34,9,25,4.4,17,4
2019-07-02,487,92,2,4,5.9,22,5
2020-11-11,29,72,13,42,8.4,9,5
2019-02-20,430,38,8,46,1.9,25,5
2019-10-04,201,17,14,2,8.0,7,3
2019-05-14,197,34,13,15,7.1,5,4
2019-03-06,445,53,5,48,1.5,6,3
2020-12-05,46,62,14,28,4.9,25,5
2020-10-07,74,34,9,14,8.0,6,2
2020-12-08,76,63,12,8,5.8,30,5
2019-12-20,276,48,5,10,8.8,2,1
2020-02-15,326,35,13,11,3.7,5,5
2019-12-24,52,94,11,37,9.4,28,4
2019-11-16,149,32,13,35,1.2,11,2
2019-10-02,455,74,6,20,3.3,22,3
2020-07-27,423,65,10,15,2.8,27,4
2020-07-21,296,81,4,34,4.0,1,3
2020-02-24,149,87,10,20,8.8,4,0
2019-02-18,107,58,4,9,2.7,18,3
2019-10-14,347,50,6,26,2.5,26,5
2020-05-01,129,43,3,37,6.0,3,2
2020-10-17,375,2,15,39,5.7,29,4
2020-08-27,288,5,6,38,2.5,16,1
2019-01-18,443,23,9,33,5.3,19,4
2020-10-12,78,56,4,10,7.6,3,4
2019-08-29,134,67,13,41,8.7,27,0
2019-07-25,340,65,6,38,6.6,10,1
2020-01-19,414,25,11,45,5.6,15,4
2019-04-17,32,56,11,19,0.6,7,3
2019-06-29,120,50,15,48,5.6,16,4
2019-09-12,134,95,13,14,1.9,24,3
2020-04-27,475,99,10,15,2.4,9,5
2019-11-21,470,71,2,11,9.2,13,5
2019-10-12,166,30,8,31,7.2,2,4
2020-12-30,101,54,12,45,9.1,4,1
2020-08-19,462,46,14,28,8.9,23,2
2019-08-15,423,58,13,10,5.5,24,5
2020-02-26,337,7,2,47,1.0,22,0
2019-11-05,381,3,1,49,8.2,12,1
2020-12-25,164,18,10,50,1.1,4,5
2020-04-12,216,44,13,15,6.3,4,0
2019-11-14,323,81,4,47,2.1,27,0
2019-10-23,75,42,1,12,3.4,4,5
2019-03-29,380,6,13,2,1.1,1,3
2019-02-17,61,71,14,38,9.4,5,1
2019-04-11,252,10,15,18,6.1,1,5
2020-04-03,497,66,6,23,9.9,20,4
2019-06-08,132,81,13,47,2.6,8,5
2020-06-13,493,92,8,24,8.9,7,2
2020-10-21,326,29,12,34,4.4,30,4
2019-07-10,55,79,2,18,6.6,22,5
2020-11-21,194,3,12,2,2.5,10,0
2020-03-02,218,70,15,51,3.1,19,4
2019-12-13,455,63,4,38,8.6,3,5
2019-03-31,226,28,12,24,2.6,8,5
2019-02-01,89,74,3,33,5.0,3,2
2019-10-24,132,42,6,32,1.9,26,0
2019-10-17,190,16,10,29,1.9,17,5
2020-01-06,3,13,14,2,3.2,11,2
2020-10-13,314,87,3,35,4.0,3,4
2020-04-20,88,74,12,19,8.0,10,5
2019-07-23,490,79,11,50,5.3,30,4
2020-10-12,374,76,3,12,3.8,11,2
2019-12-02,46,88,15,27,2.4,10,5
2019-02-13,210,11,3,47,8.0,21,2
2020-09-27,391,49,5,31,1.1,27,5
2019-04-19,10,76,6,11,6.7,19,3
2019-09-30,401,46,14,41,9.8,27,1
2019-05-29,364,53,9,10,8.2,1,2
2020-11-15,121,62,6,30,3.6,18,3
2020-01-05,183,99,12,26,6.6,9,5
2019-02-14,233,1,12,36,5.6,9,3
2020-11-02,360,13,1,9,4.2,27,3
2019-12-29,135,63,1,16,8.6,15,5
2019-08-02,52,62,4,22,4.6,14,3
2020-11-11,135,48,3,27,3.2,22,1
2019-10-11,2,38,1,6,7.2,3,1
2019-11-22,135,88,9,25,3.6,28,0
2020-09-12,9,40,5,42,8.5,12,5
2020-02-18,155,4,4,33,6.4,1,4
2020-10-22,327,95,8,32,6.6,28,3
2020-07-15,19,94,5,37,5.5,11,1
2020-01-15,150,98,8,19,7.9,26,4
2019-08-28,26,13,7,35,1.6,22,1
2020-03-18,30,6,12,45,4.2,23,3
2020-06-16,47,66,8,20,4.0,24,2
2020-02-15,313,84,6,40,2.1,30,5
2020-03-10,91,36,13,9,5.3,6,1
2020-03-08,341,32,5,16,7.7,20,0
2020-10-02,393,8,14,15,2.1,6,5
2019-09-06,170,1,5,7,9.4,14,2
2019-11-20,363,75,3,16,9.3,2,5
2020-11-12,446,78,2,25,8.2,28,4
2019-06-16,380,76,12,38,3.7,23,4
2019-05-05,307,55,8,37,4.8,13,0
2020-05-12,222,30,12,46,4.2,29,0
2020-11-07,200,62,14,8,5.3,19,1
2019-01-26,392,83,6,38,9.4,17,1
2020-06-12,347,28,12,2,1.2,16,1
2020-07-06,478,16,1,45,1.8,26,0
2020-06-11,235,48,12,45,2.6,28,2
2020-08-15,91,35,15,29,7.4,23,2
2019-02-27,258,39,2,4,3.7,5,3
2019-11-23,95,89,13,41,4.7,7,2
2020-06-12,87,99,2,32,10.0,7,0
2019-07-15,469,92,13,14,5.4,18,4
2020-02-17,186,28,1,23,8.5,16,5
2019-03-08,163,100,5,5,2.0,28,2
2019-07-16,486,39,12,11,8.8,12,1
2020-12-12,62,57,14,5,8.6,9,0
2020-03-11,356,64,1,9,9.0,13,4
2020-05-12,122,31,7,17,1.7,26,3
2020-09-18,259,13,14,50,3.1,11,1
2020-10-01,80,41,11,12,8.8,16,2
2020-07-21,295,5,2,40,0.5,18,1
2019-04-15,444,78,5,46,3.9,23,2
2019-03-08,172,98,10,45,3.7,18,4
2020-05-20,467,27,14,2,9.4,5,0
2020-11-20,483,65,9,37,3.7,2,2
2020-12-20,261,91,5,38,7.5,9,3
2019-04-11,123,65,1,9,0.5,11,4
2019-12-13,276,34,6,11,9.2,19,1
2019-09-21,31,24,5,32,1.4,26,5
2020-01-27,317,100,12,44,8.8,25,0
2020-08-12,258,50,4,18,4.6,26,0
2020-02-09,207,87,10,45,7.9,1,5
2020-11-02,421,61,3,16,9.8,29,1
2019-02-12,476,17,5,4,4.2,24,1
2020-07-21,144,57,14,45,7.0,24,1
2020-02-09,371,80,15,12,9.4,25,5
2019-09-20,345,32,9,1,9.4,11,2
2019-03-16,485,8,13,12,2.2,4,3
2020-11-17,128,11,6,24,9.5,14,1
2020-09-17,318,97,14,32,8.4,24,5
2019-11-19,45,82,9,46,5.8,13,0
2020-03-07,287,97,13,37,0.6,20,0
2019-07-25,294,80,14,12,5.3,13,5
2020-08-09,418,61,9,30,7.0,7,5
2019-11-12,13,54,11,36,7.4,9,0
2019-02-03,356,69,8,26,9.2,16,4
2020-06-27,72,72,3,3,3.4,29,2
2019-07-27,418,85,15,19,6.3,29,1
2020-04-19,349,74,6,51,6.7,30,1
2020-06-30,309,50,2,24,5.3,23,3
2020-01-07,365,77,3,44,4.9,22,2
2019-06-19,392,1,2,22,4.8,6,0
2019-01-17,91,1,4,48,5.2,8,5
2020-08-29,31,54,1,1,5.0,19,2
2019-07-31,115,42,15,4,1.4,23,3
2019-03-20,185,37,13,25,3.7,28,4
2020-12-01,196,96,14,27,6.2,12,2
2020-05-04,494,67,8,13,7.1,4,3
2019-11-28,133,15,13,17,8.8,7,0
2020-11-16,67,83,13,49,8.5,2,4
2020-02-27,322,37,10,51,3.9,12,1
2020-08-16,318,67,5,16,9.6,7,4
2019-09-15,196,10,15,7,2.6,23,4
2020-11-24,401,82,12,19,6.3,29,2
2019-10-30,395,19,1,5,1.9,20,2
2020-11-12,192,75,1,35,9.7,30,1
2019-03-12,212,28,11,39,6.9,24,5
2020-06-06,389,95,15,2,1.9,28,5
2020-11-29,148,34,12,48,6.1,16,0
2020-09-01,237,50,11,25,6.0,5,4
2020-11-29,172,83,14,33,9.2,21,5
2019-08-23,361,85,6,18,7.8,7,2
2020-11-09,420,26,6,43,5.1,6,1
2020-09-13,27,76,1,23,2.7,2,4
2020-11-12,332,86,1,46,2.9,2,0
2019-04-13,80,55,12,19,9.5,27,1
2019-03-10,130,36,15,49,7.0,24,1
2020-08-22,492,98,15,46,3.3,10,1
2019-11-13,122,77,6,37,5.1,9,5
2019-11-04,393,27,12,24,4.5,17,2
2020-04-20,214,83,2,8,6.7,2,3
2020-08-21,66,82,5,37,3.3,29,3
2019-06-08,424,26,7,29,5.1,21,2
2020-12-16,49,35,3,5,8.7,5,1
2019-10-03,185,60,2,27,4.7,21,2
2019-05-11,111,63,2,22,1.3,6,3
2019-02-18,18,82,11,6,5.9,28,4
2020-07-16,320,3,10,32,3.6,30,5
2019-08-06,341,28,13,26,5.0,7,2
2019-12-28,413,83,6,13,8.5,10,0
2020-03-11,5,38,2,47,5.1,23,1
2019-01-01,75,95,8,20,3.4,10,2
2019-01-06,394,69,2,25,2.9,25,1
2019-09-28,23,82,9,33,9.4,20,2
2019-07-19,336,5,5,49,7.2,28,2
2020-09-18,342,41,6,35,3.4,8,5
2020-07-18,64,38,8,22,1.3,18,2
2020-12-20,213,57,9,19,9.0,3,2
2019-01-02,417,24,1,44,6.1,14,2
2020-09-30,119,58,7,15,8.2,16,2
2020-12-27,225,87,13,23,2.6,2,4
2019-01-31,211,89,5,5,7.8,14,0
2020-01-27,32,10,8,38,10.0,9,2
2019-02-14,187,6,2,30,6.4,1,3
2020-06-22,123,48,11,8,6.8,18,2
2020-07-17,79,32,1,32,0.7,22,3
2020-05-21,448,5,2,27,5.7,19,2
2019-09-18,192,65,2,19,1.9,20,1
2019-10-22,406,15,15,1,7.2,17,1
2020-11-27,217,79,14,45,6.5,21,0
2019-06-21,29,26,12,3,6.4,2,3
2019-09-04,410,69,14,14,8.3,27,1
2020-09-23,465,1,15,10,8.9,18,4
2020-08-28,163,39,4,21,8.4,30,0
2020-11-29,6,4,3,49,9.8,10,1
2020-08-01,18,33,6,21,4.7,3,1
2020-10-09,122,12,8,51,2.8,20,0
2020-06-04,225,34,1,4,10.0,8,1
2019-07-09,422,77,4,35,8.5,19,1
2019-03-22,383,83,11,47,7.3,11,4
2019-05-15,298,66,1,31,8.3,28,0
2019-10-09,106,28,12,43,5.8,6,2
2020-11-11,34,69,11,43,8.5,26,4
2020-02-15,367,64,7,37,9.7,5,1
2019-12-21,464,82,14,16,1.6,22,3
2019-08-02,432,1,9,40,3.9,28,4
2019-10-31,412,81,11,17,2.7,10,2
2020-03-11,302,43,9,44,0.7,18,4
2019-01-30,169,69,14,16,2.6,17,5
2019-03-23,489,74,7,7,6.2,21,4
2019-12-13,48,13,10,44,3.4,25,2
2020-03-26,464,85,12,35,6.8,21,4
2019-09-07,436,55,9,43,1.8,27,0
2020-10-17,149,68,12,26,0.6,7,3
2020-10-28,402,32,1,21,4.6,3,2
2019-06-23,117,56,15,16,4.4,23,2
2020-04-16,216,64,14,4,8.9,28,1
2020-11-07,55,46,5,17,8.0,27,5
2019-07-19,313,57,2,30,3.4,8,1
2020-01-15,290,18,7,46,3.3,22,5
2019-03-25,182,17,3,39,2.7,17,3
2020-02-10,457,54,3,21,5.6,13,5
2019-08-29,80,59,12,28,9.4,8,5
2020-03-19,269,69,3,24,8.7,25,3
2020-05-08,49,37,4,16,5.2,16,2
2020-10-03,374,58,1,19,7.8,11,3
2019-02-06,202,4,15,40,4.3,17,0
2019-08-23,367,29,8,16,2.1,24,4
2020-12-17,59,80,13,19,4.1,14,1
2020-09-06,206,62,1,19,1.7,19,0
2019-10-13,466,95,7,20,4.3,18,1
2019-12-08,17,32,10,37,7.7,5,4
2019-05-08,343,69,10,18,4.2,21,1
2019-10-15,370,42,8,34,6.0,1,5
2019-09-30,211,16,7,11,9.9,27,4
2019-10-06,127,73,6,16,3.7,23,4
2020-06-05,475,10,8,20,8.8,23,5
2020-01-25,224,81,12,8,9.2,10,3
2020-04-30,397,98,15,14,0.7,17,2
2020-09-23,294,47,6,25,6.0,8,0
2020-07-10,332,101,13,45,4.3,30,5
2020-08-04,451,68,15,7,1.4,2,2
2020-09-06,292,41,11,47,4.4,3,3
2020-11-11,203,17,11,10,8.0,22,2
2020-06-11,16,47,12,47,2.0,8,2
2020-12-23,441,72,4,4,7.7,21,1
2019-05-21,394,60,4,13,9.2,26,0
2020-03-29,377,60,5,5,8.7,6,1
2020-04-15,70,18,13,39,9.9,29,2
2019-09-22,141,55,2,12,5.4,8,3
2020-10-01,476,61,7,24,3.3,24,5
2020-12-01,221,51,13,20,9.3,21,2
2020-03-12,429,71,10,12,7.7,30,4
2020-10-05,235,88,14,11,2.7,29,5
2019-11-29,262,15,12,23,8.3,20,4
2019-03-17,60,9,9,35,4.7,8,0
2020-03-15,106,71,6,5,9.9,17,0
2020-10-09,297,51,4,23,4.4,22,2
2019-06-02,59,34,3,5,7.1,23,1
2020-05-21,170,37,6,6,2.5,29,2
2019-11-28,21,57,15,1,1.6,25,3
2019-12-08,437,50,15,12,5.9,13,2
2020-10-20,289,57,5,34,3.5,20,0
2020-01-29,224,74,5,26,0.6,7,5
2020-04-05,486,56,4,39,9.7,14,3
2019-09-27,282,73,9,46,3.8,12,3
2019-02-27,355,1,3,8,5.3,3,5
2020-12-25,234,57,5,22,9.4,4,4
2020-10-07,171,4,11,17,4.8,16,1
2019-03-11,284,36,9,24,9.3,26,3
2019-07-09,114,28,12,11,2.0,27,2
2020-11-20,99,9,5,23,2.1,30,5
2019-07-21,61,16,8,15,6.6,22,1
2019-08-28,78,1,9,2,2.5,29,1
2020-03-23,273,75,6,38,7.9,10,2
2020-08-12,198,52,4,27,1.1,29,2
2019-12-26,456,29,2,3,7.7,21,0
2019-03-20,231,86,12,49,3.8,12,3
2020-11-06,41,47,7,29,4.1,9,4
2020-06-05,253,72,8,32,6.2,16,1
2019-02-11,411,82,6,6,4.1,28,0
2020-11-05,208,95,2,42,2.2,2,1
2019-01-06,225,74,12,42,1.5,8,2
2020-03-27,291,42,4,26,1.1,12,0
2019-10-28,438,16,15,14,7.5,19,2
2019-02-08,346,45,13,51,4.9,3,4
2019-12-20,253,19,6,10,2.1,11,3
2020-04-21,456,36,6,38,9.9,17,2
2020-12-14,265,51,8,46,6.7,21,3
2020-02-28,218,59,14,15,3.2,24,0
2020-08-30,441,86,6,29,4.3,26,3
2020-04-22,374,47,6,47,6.3,6,0
2019-08-25,279,85,4,26,4.7,6,4
2020-11-27,359,51,15,38,3.7,24,4
2019-03-11,363,15,2,34,6.5,23,2
2019-06-30,345,62,10,37,7.1,7,4
2019-04-26,117,53,10,15,8.0,27,0
2020-08-30,309,100,14,10,7.9,5,2
2019-06-09,74,13,4,13,5.8,23,3
2019-11-10,119,21,10,15,4.1,5,1
2020-07-04,494,6,12,25,6.3,16,1
2020-03-27,238,54,8,20,6.0,16,5
2020-10-24,405,94,7,12,4.9,30,3
2019-05-07,54,57,13,23,7.2,21,0
2019-10-14,251,74,5,51,5.5,22,1
2019-10-20,40,27,3,47,0.8,12,3
2019-11-23,54,67,6,14,6.1,6,5
2019-01-27,403,10,6,10,5.3,14,4
2020-04-19,114,39,9,47,5.9,15,1
2020-03-23,173,19,6,5,6.4,18,4
2020-09-23,466,30,4,12,9.9,8,1
2019-12-22,124,63,8,31,4.2,28,4
2019-09-13,88,91,1,45,3.7,29,2
2020-12-25,438,87,11,1,3.0,25,3
2020-12-08,434,13,7,27,5.0,22,3
2019-09-09,11,83,7,2,7.8,24,0
2019-11-15,340,62,1,9,4.7,14,0
2019-06-19,289,46,9,39,7.9,15,4
2020-08-09,361,5,3,43,4.8,13,0
2019-04-22,291,56,4,13,7.6,13,3
2020-10-30,391,27,13,21,8.4,8,5
2020-08-17,429,73,12,34,4.5,12,4
2019-07-11,370,34,8,28,1.4,27,0
2019-10-19,222,74,8,25,4.9,5,0
2019-02-24,129,43,6,24,1.6,4,5
2020-08-28,240,50,6,30,5.0,16,1
2019-07-13,313,15,12,3,1.6,29,3
2019-08-27,270,16,7,6,2.3,2,2
2019-02-09,49,53,4,1,7.4,20,2
2019-03-13,188,12,12,23,4.3,3,4
2020-10-22,7,44,5,47,2.5,23,2
2020-03-27,55,18,15,46,9.2,19,2
2019-10-29,234,81,9,32,4.3,11,4
2020-09-28,24,6,12,41,6.0,2,3
2019-04-27,127,6,14,9,3.1,16,5
2019-10-20,155,61,11,7,0.9,19,1
2019-07-13,12,72,7,45,5.6,20,0
2020-01-06,360,6,4,34,5.5,11,5
2020-05-29,167,6,5,28,9.0,29,5
2020-06-09,147,78,1,42,3.3,26,0
2020-01-11,26,30,13,40,7.8,1,1
2019-11-14,402,20,14,23,3.9,9,4
2020-01-30,198,90,3,14,8.4,22,4
2020-07-29,136,39,2,39,4.7,19,4
2020-06-24,266,68,14,24,7.3,13,1
2020-03-08,306,57,15,1,7.8,8,5
2020-11-18,158,41,4,19,6.6,13,4
2019-10-30,422,39,14,31,6.6,26,3
2020-09-04,356,2,10,18,5.8,20,0
2019-06-02,219,42,5,4,6.1,1,3
2020-06-24,5,81,4,46,3.3,25,5
2019-08-09,201,78,1,27,1.2,2,1
2019-04-12,348,67,6,34,4.5,9,5
2020-10-04,406,21,12,44,7.7,5,4
2019-10-01,156,1,15,24,5.8,28,4
2020-12-07,307,12,14,48,1.8,24,0
2019-01-02,356,4,15,27,6.0,13,0
2019-10-11,410,35,11,44,8.1,3,4
2020-07-26,21,42,7,5,5.8,2,3
2020-02-21,268,4,2,22,3.0,5,3
2020-01-02,453,94,9,47,7.0,7,3
2019-06-22,67,33,3,34,8.3,11,3
2019-08-20,69,43,1,13,2.5,28,5
2019-11-24,226,64,7,30,8.5,24,3
2019-02-18,254,35,1,33,7.5,27,3
2020-08-09,251,24,13,5,2.9,19,0
2019-06-07,16,9,1,14,6.6,22,2
2020-09-03,77,17,2,33,7.3,6,0
2020-03-03,384,80,7,46,8.4,26,1
2019-05-02,308,66,7,8,5.7,30,4
2019-03-20,219,90,10,46,7.9,30,2
2019-12-07,28,27,3,51,5.3,9,3
2019-07-18,387,82,12,21,0.7,3,4
2020-07-07,422,79,15,21,2.1,28,5
2019-04-20,385,82,7,41,1.3,28,1
2019-05-17,469,35,10,10,3.6,1,2
2019-04-21,392,72,14,45,6.9,29,3
2020-11-30,379,93,15,32,5.2,9,1
2020-06-30,310,99,4,41,0.7,6,2
2020-09-13,193,34,15,41,4.2,11,0
2020-02-07,409,40,13,29,3.3,1,5
2019-09-16,309,55,7,45,7.2,22,4
2019-04-14,221,76,13,26,9.9,1,0
2019-06-22,226,58,10,9,3.3,2,4
2020-06-10,249,83,7,6,5.0,8,1
2019-02-12,480,8,13,3,7.5,20,3
2019-05-26,123,50,12,30,1.9,18,2
2020-06-20,379,101,10,13,4.7,28,3
2019-10-01,403,13,8,11,8.0,26,1
2019-04-24,475,81,10,21,2.4,7,5
2020-11-11,115,83,14,7,6.2,19,5
2020-07-16,74,60,14,32,9.3,24,4
2020-08-23,490,16,3,24,1.8,16,2
2019-06-24,434,60,4,27,5.2,23,4
2020-10-14,191,43,11,35,6.1,18,0
2019-06-02,320,3,5,25,8.1,21,1
2019-11-01,436,5,9,23,8.3,27,5
2019-02-17,169,99,14,41,1.5,21,0
2019-04-29,249,65,5,27,8.2,3,0
2020-08-14,88,10,9,16,6.4,11,2
2019-07-27,350,4,5,36,3.2,25,3
2019-10-17,388,46,14,50,5.4,14,3
2020-09-04,14,82,6,24,7.9,6,3
2020-05-01,343,79,5,21,4.7,27,2
2020-09-03,54,52,7,40,8.6,3,4
2019-12-10,363,76,8,37,1.6,14,2
2020-01-31,261,99,5,10,1.5,20,4
2019-06-01,483,54,4,5,5.6,24,2
2020-11-12,200,2,14,31,9.6,6,4
2020-11-13,10,97,8,6,1.8,16,3
2019-04-05,413,28,2,24,2.1,17,5
2020-10-20,385,25,11,49,2.8,15,0
2019-07-03,329,61,6,32,6.8,22,1
2020-05-17,348,20,8,4,1.0,26,2
2020-03-14,159,28,15,2,8.0,24,5
2020-01-18,449,90,10,43,8.1,13,1
2020-07-10,351,45,11,4,7.2,27,4
2020-10-24,231,32,14,35,3.7,24,5
2020-02-27,138,6,13,29,1.0,4,3
2020-08-20,216,90,6,8,5.7,25,0
2019-03-07,253,47,1,22,4.1,2,4
2019-09-15,25,83,5,43,8.2,19,3
2019-06-12,245,38,11,1,6.3,30,0
2020-09-22,378,96,13,26,9.6,4,1
2019-01-03,23,18,8,32,6.8,29,4
2019-08-13,6,95,15,17,9.2,1,4
2020-05-27,148,4,1,35,4.4,16,2
2020-12-19,134,4,2,32,5.3,29,5
2020-11-11,335,38,9,45,1.0,18,5
2019-04-23,30,96,12,3,9.8,4,5
2020-01-19,414,83,12,42,5.2,9,2
2020-01-25,56,14,10,33,8.5,1,4
2019-01-11,419,23,11,9,8.2,20,1
2019-09-26,453,78,7,22,2.8,30,0
2019-07-25,68,62,10,26,5.7,30,0
2019-09-09,211,92,8,27,3.9,6,1
2019-04-13,106,35,9,14,3.5,8,2
2019-04-03,121,58,4,17,8.5,9,1
2020-09-17,157,100,2,31,9.0,29,5
2020-01-08,324,36,3,41,6.6,23,1
2020-06-02,265,18,15,10,6.6,2,2
2020-10-08,124,12,15,43,5.5,8,1
2020-12-04,410,8,1,3,9.2,16,3
2020-08-21,201,84,15,26,1.1,1,3
2020-04-04,278,53,8,3,3.0,14,1
2020-07-05,292,13,14,29,6.7,30,4
2019-12-29,31,101,3,11,3.3,24,5
2020-08-01,438,96,15,32,3.8,13,5
2020-05-13,334,55,12,40,9.6,14,2
2019-05-31,1,82,12,5,3.2,13,1
2019-06-12,415,85,13,23,4.7,19,4
2019-10-17,367,46,10,39,2.2,15,1
2020-03-10,28,29,9,40,5.1,11,5
2019-04-21,431,39,3,34,2.5,16,5
2019-01-11,387,94,12,22,5.0,1,0
2019-01-15,191,73,9,17,7.9,1,4
2020-02-12,98,67,11,21,3.2,17,4
2020-08-18,354,25,10,44,4.8,9,2
2019-10-31,418,83,14,31,1.3,23,3
2020-07-11,472,1,2,39,4.5,29,3
2020-12-05,383,97,2,30,9.1,9,0
2020-04-20,333,6,3,11,8.7,18,0
2020-06-17,254,46,12,4,4.3,29,2
2020-03-15,370,78,10,1,3.5,3,5
2020-10-17,102,15,5,16,8.9,10,5
2019-08-28,132,70,7,34,3.3,24,1
2020-08-21,194,6,6,8,3.9,24,2
2019-01-20,269,31,10,38,6.4,5,1
2019-12-06,107,17,7,22,6.5,19,2
2019-10-27,387,42,1,51,8.4,7,5
2020-11-14,314,11,9,43,3.0,25,4
2019-08-01,324,99,7,37,5.1,18,5
2019-07-14,490,28,12,44,7.5,19,5
2019-06-27,258,83,7,25,3.8,28,5
2019-11-05,346,84,12,40,2.8,17,2
2020-01-05,461,21,8,18,7.5,11,5
2019-09-08,433,86,4,36,4.1,22,2
2019-05-15,491,38,13,38,0.7,27,1
2020-07-12,150,47,11,25,4.8,11,5
2019-04-17,88,12,9,37,6.9,5,3
2019-10-03,456,70,12,21,6.6,2,3
2019-02-20,452,94,13,44,0.6,1,3
2020-02-05,192,38,7,1,1.6,12,3
2019-07-09,104,84,7,19,7.1,11,1
2019-04-01,154,71,11,47,7.0,2,5
2020-06-20,406,7,5,47,5.0,29,2
2020-02-08,316,6,11,2,1.6,18,1
2019-10-14,354,85,13,16,8.7,24,0
2020-11-30,259,16,11,44,3.5,24,1
2020-07-08,371,88,8,35,5.8,24,1
2020-11-09,168,74,4,11,7.1,28,0
2020-03-11,244,93,10,15,5.8,26,4
2020-04-06,467,9,14,31,3.5,4,3
2019-07-25,232,91,9,44,4.5,25,3
2019-01-04,402,34,8,36,2.0,15,3
2019-11-14,388,19,1,29,4.4,29,4
2019-01-01,7,27,15,33,6.0,12,4
2019-12-09,102,20,4,11,4.4,5,2
2019-05-26,23,19,9,16,0.7,2,2
2019-12-11,218,94,6,46,3.6,11,2
2020-08-01,269,101,8,1,3.0,25,3
2019-07-04,240,64,5,40,2.5,24,0
2020-09-13,345,44,1,24,5.5,26,0
2019-03-21,41,2,13,13,6.7,30,5
2020-09-18,379,6,11,37,4.9,17,5
2019-02-17,262,57,6,5,1.2,16,2
2020-11-06,289,73,2,34,7.1,16,3
2020-03-08,413,57,15,48,7.2,20,3
2019-08-30,130,46,5,7,7.0,1,0
2019-01-19,339,11,12,28,5.5,16,1
2019-08-20,199,86,4,12,6.0,16,2
2019-01-30,376,63,15,42,3.7,30,2
2019-06-07,342,58,1,39,1.5,12,3
2020-01-11,43,52,2,15,9.1,2,5
2020-02-04,294,54,14,4,3.4,8,2
2020-08-16,280,63,1,17,2.4,21,5
2019-12-16,198,91,2,21,1.8,13,0
2019-07-18,14,43,9,26,5.5,3,5
2019-02-12,72,10,10,47,6.3,1,3
2019-03-26,247,20,4,46,3.4,21,2
2020-01-15,494,21,2,23,4.4,14,2
2020-05-27,341,44,1,47,2.7,2,5
2019-06-13,66,40,2,43,6.9,27,5
2020-02-23,4,51,13,11,3.7,12,4
2020-06-15,103,41,10,39,5.7,13,1
2020-08-02,144,101,5,51,6.5,22,2
2020-06-12,412,64,10,14,1.1,27,2
2020-10-31,220,87,15,21,8.9,25,3
2020-10-11,116,99,8,7,9.1,18,1
2020-06-25,191,80,9,24,9.6,4,4
2019-03-31,86,72,6,17,4.9,9,3
2020-12-26,285,24,15,33,2.6,5,1
2020-09-18,181,22,8,25,10.0,21,0
2020-10-23,496,97,8,41,6.0,24,1
2019-01-30,148,60,10,51,4.4,9,3
2019-12-15,170,42,13,39,6.4,28,5
2019-02-15,114,77,13,4,2.3,20,4
2020-01-12,407,57,6,28,3.2,14,0
2020-09-18,267,58,4,13,7.6,29,4
2020-04-11,423,11,1,1,8.0,23,5
2020-04-22,458,90,6,3,7.9,12,2
2019-01-18,190,49,7,50,0.8,1,5
2020-05-23,236,65,12,15,10.0,9,4
2020-01-28,154,5,11,5,6.4,18,1
2020-01-08,109,29,14,7,3.6,21,0
2019-12-29,75,76,6,16,6.9,12,5
2019-10-24,305,53,6,8,7.1,10,0
2020-02-18,111,70,10,20,9.9,17,5
2020-09-06,220,66,9,8,9.2,27,3
2020-07-17,344,97,5,28,8.1,7,3
2020-10-07,316,3,13,20,1.1,3,2
2020-04-17,43,86,9,19,4.8,29,4
2020-06-04,444,81,6,28,9.9,12,4
2020-02-14,347,100,7,45,1.8,11,5
2020-11-22,310,40,14,49,8.5,21,1
2020-10-18,11,29,11,5,1.2,30,1
2020-05-23,150,28,15,25,8.7,21,0
2020-12-17,79,31,11,13,8.4,28,4
2020-02-21,219,22,14,47,2.3,12,0
2019-11-07,456,82,9,21,9.4,12,4
2020-02-21,343,13,1,26,7.8,28,5
2020-03-29,411,33,10,45,1.8,21,0
2019-10-05,123,95,14,6,1.3,22,1
2019-06-27,401,24,8,46,8.8,30,0
2019-02-04,443,31,9,49,9.4,7,4
2019-07-06,464,32,7,22,9.8,14,1
2019-05-15,71,85,11,49,4.7,16,2
2020-12-14,215,65,4,33,7.0,10,3
2019-07-14,335,8,9,26,2.5,24,0
2020-03-06,205,91,14,31,6.2,2,4
2019-11-03,248,68,12,41,9.2,20,5
2020-03-13,450,9,11,43,1.3,22,1
2019-03-29,251,62,13,30,8.5,12,5
2019-01-23,401,53,10,34,8.5,24,3
2020-01-02,156,99,3,7,9.7,7,1
2020-07-12,321,43,2,28,3.0,18,4
2019-01-27,132,81,10,12,8.1,5,2
2020-04-17,281,42,11,28,7.8,7,3
2019-12-16,229,101,15,39,8.5,27,1
2020-01-07,141,85,14,16,9.8,5,5
2020-02-17,430,31,12,31,4.1,20,1
2020-01-30,281,34,11,48,8.5,8,5
2019-08-23,265,31,10,25,1.6,25,2
2020-05-27,174,74,14,51,6.0,5,0
2020-11-22,319,3,12,27,3.1,2,2
2019-12-25,315,10,14,24,8.6,22,0
2020-06-12,311,51,9,6,5.5,28,2
2020-06-27,238,49,10,13,5.8,5,3
2020-07-23,417,23,4,5,2.0,25,0
2020-08-17,265,95,11,23,3.9,19,1
2020-08-17,235,21,7,3,6.4,29,0
2019-07-07,354,33,6,18,3.9,12,0
2019-01-31,173,1,9,48,5.5,23,3
2020-11-06,248,66,4,22,0.8,5,0
2020-09-21,87,12,1,5,9.3,28,1
2019-09-29,176,67,2,28,5.7,12,0
2019-08-08,264,88,14,14,9.3,13,3
2019-11-01,478,28,3,18,5.2,4,5
2020-11-23,211,15,15,1,4.0,18,2
2019-02-24,211,49,6,31,2.3,22,5
2020-03-13,84,43,9,35,9.5,30,3
2020-08-20,38,59,13,38,9.6,16,0
2019-08-14,479,93,7,51,9.1,15,0
2019-05-04,321,20,6,49,3.6,5,1
2019-07-16,289,6,10,10,4.6,2,1
2020-04-29,239,75,4,40,2.9,27,0
2019-01-14,151,60,5,46,2.8,23,0
2020-01-27,145,46,8,29,8.2,28,5
2020-06-15,118,19,11,5,7.1,26,5
2019-06-04,146,54,4,28,9.0,5,3
2019-02-23,407,42,1,45,2.6,22,1
2020-05-17,50,92,3,26,2.2,22,5
2020-02-09,306,38,7,16,9.8,6,0
2020-06-04,493,13,7,46,4.9,5,5
2019-01-30,330,19,12,3,7.0,8,3
2020-05-15,369,25,12,50,8.4,29,3
2019-01-26,257,25,1,45,5.9,2,5
2019-08-07,485,83,1,5,5.6,20,4
2019-09-22,235,94,12,46,1.6,17,4
2020-12-11,472,86,5,33,4.4,23,4
2020-11-23,249,91,3,13,4.3,9,4
2020-04-24,305,4,4,22,7.0,26,3
2019-04-23,448,94,13,47,2.5,14,0
2020-02-03,203,58,4,45,6.9,4,0
2019-11-02,472,64,1,6,7.1,26,4
2020-09-19,161,58,4,11,7.9,10,0
2019-01-18,291,56,2,27,0.6,2,1
2019-08-29,183,1,1,19,1.7,25,3
2019-11-18,338,48,8,34,6.0,10,0
2019-12-02,51,37,14,31,8.5,28,4
2020-08-31,204,39,2,30,7.2,30,5
2020-12-19,244,55,11,31,4.6,13,0
2020-06-27,376,18,11,21,5.8,23,5
2019-12-22,108,33,5,46,3.9,1,2
2020-08-23,423,99,14,18,8.4,24,2
2020-01-21,36,88,14,25,2.3,23,3
2020-01-03,404,40,8,43,2.2,30,1
2020-03-07,273,9,9,11,4.5,25,5
2020-12-18,59,99,14,43,0.9,27,1
2020-06-24,36,62,8,48,7.5,18,2
2019-04-27,173,52,7,11,3.1,9,2
2020-11-15,222,44,7,18,6.9,27,0
2019-11-03,155,75,6,26,6.6,12,0
2019-12-01,204,21,11,5,2.5,26,5
2020-08-14,70,7,4,6,7.9,30,4
2020-05-01,199,38,4,26,1.6,22,4
2020-12-08,278,24,1,31,4.0,21,4
2020-10-17,118,47,2,25,4.2,29,0
2019-10-28,277,35,2,42,6.0,6,1
2020-04-06,143,74,1,17,7.9,11,4
2019-04-29,88,76,5,7,3.6,30,1
2020-09-20,177,29,12,37,4.4,30,2
2019-03-30,98,65,11,9,5.3,8,1
2019-11-19,476,98,6,24,4.7,8,5
2019-02-20,316,13,6,45,5.1,20,0
2019-08-09,231,80,15,45,1.0,14,3
2020-01-12,308,39,2,22,6.1,18,1
2019-06-29,134,90,12,23,4.4,10,5
2019-03-19,225,11,14,40,9.5,1,3
2019-03-08,230,78,4,38,3.0,14,3
2020-12-12,357,54,3,24,2.7,20,1
2020-03-07,439,31,14,6,9.0,20,2
2020-07-15,305,92,7,16,4.7,26,1
2020-03-01,256,6,9,43,8.9,27,0
2020-02-03,377,4,12,32,8.3,27,0
2019-06-03,231,19,7,46,2.4,19,0
2020-05-15,477,72,7,15,0.9,25,3
2019-04-18,239,66,13,3,3.1,30,0
2020-02-26,86,56,6,28,2.8,7,3
2020-05-14,182,8,1,32,9.7,2,0
2020-11-16,206,101,5,48,3.6,1,4
2020-02-17,358,42,7,18,3.6,30,5
2019-12-30,16,99,13,42,7.1,7,0
2020-03-04,484,87,14,37,8.4,3,1
2019-02-22,491,18,8,2,7.7,30,1
2019-02-17,443,25,12,34,1.0,21,1
2019-04-23,438,15,3,20,6.2,8,0
2020-03-17,288,13,3,20,6.3,13,5
2020-10-25,78,78,3,14,8.2,29,4
2020-06-08,133,35,9,30,9.5,28,4
2019-06-24,348,77,1,19,2.4,7,4
2019-04-16,143,29,6,26,9.8,23,0
2019-12-11,297,17,4,44,6.5,27,5
2019-01-08,254,24,1,50,6.1,19,2
2019-10-24,48,11,9,18,4.7,14,2
2019-01-31,446,91,1,8,3.0,8,1
2019-09-20,390,101,6,45,3.4,2,0
2020-10-11,469,71,3,22,7.2,8,4
2020-11-25,386,96,10,44,8.3,15,2
2019-11-10,80,61,10,50,7.6,30,1
2019-04-09,11,15,8,41,3.4,21,3
2020-12-27,385,70,11,9,8.0,10,0
2019-12-24,268,43,10,50,0.7,12,4
2019-05-25,46,24,11,19,2.3,30,5
2019-02-13,274,98,6,48,4.3,6,5
2020-08-08,22,57,15,17,9.9,11,3
2020-07-17,93,69,1,15,5.6,17,4
2019-03-18,69,2,10,16,6.6,26,4
2020-11-28,422,47,12,46,6.8,28,5
2019-01-14,465,1,7,37,2.2,22,3
2020-06-19,394,87,9,32,1.6,5,1
2020-10-03,99,3,7,12,6.8,9,0
2020-03-20,201,23,15,3,2.6,4,3
2020-09-03,405,96,7,18,3.0,11,5
2019-05-14,151,9,14,31,6.1,21,2
2020-11-11,123,19,13,15,4.2,26,2
2020-02-01,188,54,8,9,7.8,5,2
2020-08-13,180,78,9,41,4.3,14,1
2020-01-12,463,91,9,10,3.3,28,2
2020-01-05,342,87,11,17,7.6,29,4
2019-12-21,264,14,5,30,9.9,26,3
2019-09-06,142,37,12,30,4.6,7,2
2019-06-01,199,71,11,29,3.8,18,0
2020-08-10,410,80,13,3,6.9,23,2
2019-05-24,442,16,3,9,1.1,25,3
2019-11-06,270,24,15,28,4.3,12,3
2019-03-08,102,66,15,33,1.9,6,2
2019-03-22,176,66,6,44,1.1,2,3
2020-12-21,253,19,7,20,4.7,20,5
2019-11-07,393,84,1,37,9.0,14,4
2020-09-17,102,30,3,4,3.7,1,3
2020-04-17,479,21,1,26,4.0,14,2
2020-06-08,393,1,15,37,8.3,9,4
2019-09-11,256,42,2,50,4.9,9,4
2020-12-27,191,81,3,16,9.8,10,1
2020-08-11,417,48,1,20,9.2,30,3
2020-03-24,60,75,5,46,3.3,24,5
2020-11-27,57,79,12,38,1.7,11,1
2019-08-24,336,29,12,24,1.5,30,3
2020-07-21,451,76,1,26,9.4,16,0
2020-04-22,109,93,3,22,1.7,18,3
2020-12-26,111,21,3,9,5.5,20,4
2019-04-10,406,71,4,17,6.3,18,4
2019-11-04,41,39,2,27,3.5,3,1
2019-06-09,221,24,3,3,0.9,19,1
2019-10-16,138,23,6,39,1.8,17,0
2020-07-26,245,63,13,13,2.9,29,3
2019-10-25,467,71,14,5,0.6,28,2
2020-07-13,143,27,10,8,8.7,15,5
2019-09-20,455,3,4,24,4.1,18,2
2020-04-09,232,82,4,25,4.4,1,1
2020-06-17,419,15,15,47,9.1,1,4
2019-07-31,183,96,5,7,4.9,16,1
2019-03-10,434,79,4,36,0.8,15,5
2020-08-01,436,59,3,30,2.1,5,2
2020-08-23,218,38,2,10,1.4,14,2
2020-01-21,329,4,15,7,5.6,23,2
2019-02-25,34,69,6,21,7.2,28,5
2019-09-05,218,10,10,5,6.0,3,2
2020-08-25,377,29,15,39,7.4,13,4
2019-11-07,402,100,5,30,9.7,20,4
2020-07-18,221,101,9,26,5.4,26,0
2019-06-30,203,63,8,50,4.7,5,0
2019-07-19,359,56,5,5,3.7,28,2
2020-03-26,436,74,13,16,10.0,1,1
2020-05-13,438,79,1,27,4.3,10,2
2020-02-18,183,54,12,39,5.2,14,4
2019-01-25,435,47,12,41,9.9,29,1
2020-11-04,278,59,12,8,0.7,2,4
2019-02-18,43,25,12,34,1.8,30,4
2019-04-27,343,2,9,46,1.9,2,5
2020-06-12,243,3,10,2,3.0,6,2
2019-03-09,284,49,12,17,4.8,24,3
2019-12-05,71,51,7,33,6.5,11,0
2020-10-23,225,72,12,46,3.4,2,3
2019-09-27,35,89,3,11,7.4,6,4
2020-03-19,319,6,10,2,2.9,16,2
2020-08-15,314,14,1,8,6.8,18,3
2019-10-16,481,13,7,15,9.6,18,5
2020-04-11,46,29,4,45,2.8,14,2
2019-08-14,105,52,9,27,4.6,10,3
2019-05-10,357,95,6,16,9.2,15,2
2019-03-26,326,59,9,31,8.4,5,1
2020-11-17,368,91,2,22,6.0,17,1
2020-10-01,116,89,12,14,5.7,5,5
2019-09-30,408,48,2,18,9.7,28,2
2019-11-12,115,79,6,19,3.3,13,1
2019-07-23,155,25,7,36,7.4,20,3
2020-08-16,333,92,6,34,6.6,7,0
2019-09-16,205,9,7,29,7.6,18,5
2019-12-05,371,82,2,21,9.4,30,1
2019-06-05,245,13,8,12,2.4,7,4
2020-12-17,331,52,1,2,7.0,19,3
2020-02-05,3,47,6,30,9.5,1,2
2019-07-01,363,96,7,39,7.4,26,2
2019-08-07,216,75,10,50,1.4,24,5
2019-08-05,468,34,12,43,3.1,13,0
2019-05-03,271,48,10,51,6.7,30,3
2019-04-17,235,25,3,1,5.3,2,3
2020-10-27,426,38,3,37,9.3,6,5
2020-12-05,81,93,13,20,9.3,4,4
2019-04-03,105,97,8,43,0.7,26,0
2019-03-11,165,29,15,43,6.6,11,0
2019-09-07,164,9,13,45,4.9,18,1
2019-04-19,105,35,4,39,6.0,6,5
2019-08-18,434,31,1,3,1.6,22,0
2020-11-13,293,45,8,34,1.4,11,3
2020-03-04,469,49,3,15,9.8,22,4
2020-07-04,492,66,14,42,9.9,30,0
2019-01-07,337,60,7,10,8.4,16,2
2019-10-07,254,48,8,7,9.6,11,5
2020-09-11,287,57,5,23,8.4,20,5
2020-06-26,224,85,9,28,4.0,26,3
2020-02-08,273,17,6,23,1.8,7,3
2020-10-10,199,83,12,51,1.6,17,5
2019-01-21,283,77,13,24,8.6,25,3
2020-07-29,415,8,11,32,7.9,7,2
2019-01-13,383,74,3,2,3.9,6,4
2020-02-25,158,90,13,16,6.4,28,4
2020-03-11,285,99,5,28,3.7,26,4
2020-11-27,387,72,15,22,2.3,14,4
2019-12-09,185,26,12,40,9.5,15,0
2019-07-06,84,74,5,43,8.6,8,2
2020-11-12,239,100,12,51,5.6,17,4
2019-04-19,371,89,10,18,6.3,3,4
2020-07-04,301,57,7,23,4.9,6,4
2020-09-22,246,74,13,23,7.0,27,1
2019-02-16,495,39,4,21,9.3,28,2
2019-11-18,295,99,7,1,5.4,8,5
2019-05-23,254,25,6,7,8.9,29,3
2019-10-03,163,17,14,13,9.5,18,5
2019-06-29,450,8,14,35,8.5,28,3
2020-01-14,186,9,7,32,0.8,19,4
2019-11-05,356,48,12,44,2.1,16,1
2019-05-28,280,91,8,35,6.5,3,5
2020-04-13,486,95,9,42,8.2,7,1
2020-04-28,411,100,8,7,6.0,2,4
2019-01-14,18,24,2,40,9.9,15,3
2020-01-29,309,76,12,43,1.6,9,2
2019-06-22,280,90,3,41,6.4,12,1
2019-12-05,500,92,1,41,6.5,29,1
2020-05-24,80,59,15,34,9.5,14,0
2019-01-17,155,3,14,41,3.2,26,0
2020-11-17,96,32,15,25,8.5,24,5
2020-03-06,157,48,5,51,9.7,12,4
2019-11-24,119,8,13,22,7.8,19,0
2019-03-07,171,51,12,34,9.9,30,2
2019-12-22,189,31,5,25,7.9,22,0
2019-06-03,105,62,12,26,1.9,3,5
2020-10-15,147,64,14,12,4.8,7,0
2019-04-25,85,69,15,35,4.2,23,4
2020-01-13,35,94,1,44,8.4,3,0
2019-10-06,93,70,10,17,9.6,7,5
2020-05-21,22,97,10,39,4.0,4,1
2020-07-06,453,101,2,29,3.4,15,5
2020-05-07,27,47,14,2,3.9,12,1
2019-09-21,401,89,2,49,5.7,28,2
2019-06-14,37,9,14,5,1.3,18,1
2020-03-09,282,91,6,14,1.0,3,4
2020-05-10,448,92,12,49,5.3,4,2
2019-11-04,52,79,12,29,5.7,24,3
2020-05-22,60,87,11,28,7.8,23,1
2020-02-07,158,43,7,50,9.5,25,5
2020-05-14,336,58,8,17,2.4,8,0
2020-08-17,199,65,5,45,6.8,4,5
2020-02-07,82,51,13,38,3.0,29,0
2020-03-26,193,97,11,16,9.2,16,4
2020-03-15,167,14,11,39,3.5,4,1
2020-04-24,362,81,7,18,1.0,22,5
2020-05-13,110,14,5,26,5.2,19,2
2019-08-14,84,25,12,38,4.5,14,1
2019-12-23,317,23,14,30,1.2,18,2
2019-07-24,354,73,14,28,1.7,12,1
2020-09-20,428,8,15,47,3.4,6,5
2020-12-22,153,35,6,6,8.8,1,0
2020-06-18,158,37,1,19,8.9,26,4
2019-09-24,213,66,4,11,7.4,7,4
2019-07-25,325,39,12,28,1.2,21,1
2019-09-26,347,70,4,13,7.4,6,3
2020-09-01,467,55,15,2,1.9,4,0
2020-09-02,157,16,4,30,0.7,8,1
2020-07-04,189,94,5,36,6.0,25,5
2020-08-18,62,7,3,38,4.7,16,3
2020-11-28,139,99,11,36,4.3,2,2
2020-12-14,488,63,9,15,1.9,6,3
2019-07-11,366,54,9,5,9.6,1,4
2020-01-18,294,58,11,3,1.1,3,5
2020-03-21,122,72,13,28,6.7,8,5
2020-06-13,284,89,5,50,1.0,24,2
2019-04-20,20,41,4,25,2.6,25,5
2019-06-18,241,95,9,27,5.2,7,4
2020-05-28,72,44,3,2,3.4,11,1
2020-01-07,111,75,10,40,9.0,4,3
2019-01-03,190,32,6,26,7.7,4,4
2019-02-27,292,95,4,19,0.9,30,5
2020-02-19,152,66,14,25,1.6,20,1
2019-05-07,82,87,14,14,8.6,16,1
2020-11-22,301,55,11,50,1.8,1,1
2019-12-16,311,26,6,9,3.3,7,1
2019-11-17,23,83,7,39,8.3,28,4
2019-12-27,154,26,2,43,0.9,6,2
2020-04-04,474,54,5,42,6.3,29,3
2020-01-01,469,42,15,34,6.7,11,5
2020-11-09,203,89,14,30,6.3,28,3
2019-12-27,428,64,6,24,5.9,6,5
2020-12-01,18,88,7,31,6.5,29,2
2020-04-17,207,40,4,1,5.9,13,2
2020-10-29,418,89,12,38,4.7,5,4
2020-10-08,418,84,6,6,4.2,20,0
2020-04-09,497,52,9,40,5.9,19,2
2020-09-27,20,51,6,45,9.5,9,5
2019-09-24,107,50,13,14,8.1,24,1
2020-10-27,98,17,7,10,3.4,2,2
2019-09-21,391,50,8,10,4.5,14,5
2019-10-03,466,35,12,18,3.4,2,4
2020-06-23,215,85,13,29,4.3,17,0
2019-11-12,76,63,11,44,2.5,20,4
2020-05-09,428,57,6,18,8.6,21,2
2020-05-20,97,93,2,35,9.4,9,1
2020-03-10,6,72,12,41,9.4,17,1
2020-09-23,203,96,5,4,2.9,22,4
2020-06-17,72,98,3,26,9.6,25,4
2019-07-14,217,24,6,16,3.7,17,3
2020-06-20,434,50,4,15,3.5,7,4
2019-10-19,449,71,8,12,2.4,25,5
2019-09-20,398,34,2,35,8.3,13,1
2019-08-29,439,29,1,46,2.2,22,3
2020-01-30,1,93,1,13,5.0,9,2
2020-02-10,35,64,3,14,0.5,5,1
2019-07-25,87,51,11,33,4.0,12,4
2019-04-21,205,92,3,50,4.2,26,1
2020-10-27,406,19,10,7,2.3,3,0
2020-09-26,357,79,10,31,8.4,20,0
2020-06-25,153,59,15,43,7.5,12,3
2020-01-30,447,63,4,8,5.1,25,0
2020-11-13,261,46,9,13,5.4,12,4
2020-08-19,258,14,5,50,3.4,5,4
2020-05-27,157,69,5,29,1.1,1,4
2019-12-08,26,69,11,50,6.1,8,3
2019-12-07,358,48,12,17,4.7,25,2
2019-08-20,81,94,1,8,7.8,8,3
2019-12-02,235,43,11,30,5.4,7,5
2020-04-16,412,97,10,10,0.7,20,2
2019-07-17,255,27,11,40,4.3,2,0
2020-11-21,219,29,6,13,5.2,8,3
2020-02-14,153,97,3,26,3.5,6,1
2020-06-06,100,20,5,27,2.6,20,2
2020-06-07,227,96,13,14,5.6,19,0
2020-07-16,368,23,15,1,5.0,3,3
2019-09-25,408,87,15,44,8.9,28,0
2020-06-27,358,15,13,17,3.8,27,2
2019-11-04,170,69,13,19,1.7,19,5
2020-06-21,219,84,6,33,2.3,26,1
2019-03-22,51,19,2,43,1.9,10,0
2019-09-18,128,69,11,34,8.5,29,5
2019-04-09,334,23,14,40,4.9,11,4
2020-01-28,45,68,15,13,8.6,4,2
2020-08-04,250,36,12,29,4.4,18,2
2019-05-25,60,75,14,3,2.9,27,3
2019-11-13,363,71,7,37,8.7,25,0
2020-12-29,276,49,1,29,5.5,5,2
2019-08-04,387,91,10,29,8.9,23,2
2020-11-28,487,54,1,41,4.0,22,3
2019-07-19,158,70,5,22,3.5,22,4
2020-08-27,282,99,6,37,6.0,16,0
2019-03-25,351,37,7,5,2.4,28,2
2019-08-02,275,38,5,21,8.5,2,5
2020-12-15,467,44,11,31,7.8,29,1
2020-02-26,248,94,6,12,3.7,5,2
2020-07-21,41,60,15,34,7.1,24,1
2020-06-24,55,10,6,22,4.0,4,2
2019-11-15,88,76,6,47,1.9,19,5
2019-10-14,470,24,12,17,5.7,17,1
2020-06-26,86,47,6,26,8.5,9,4
2020-10-23,149,49,3,24,6.3,30,4
2019-11-03,210,68,8,27,7.8,7,5
2020-08-17,373,1,6,24,5.7,10,1
2020-05-08,150,49,14,13,7.8,7,0
2019-08-13,300,14,5,48,8.5,19,0
2019-03-15,189,88,11,25,9.5,14,2
2020-05-13,433,55,13,49,6.7,13,4
2019-12-08,360,5,9,42,7.0,21,4
2020-01-14,42,55,7,34,3.2,27,3
2019-10-08,402,80,8,18,4.3,5,2
2020-10-18,171,11,3,7,3.3,6,2
2020-09-25,466,97,10,48,1.1,28,2
2019-08-17,478,26,14,42,7.0,30,1
2019-11-12,295,28,13,39,2.6,4,0
2020-11-08,310,86,8,31,7.4,10,4
2020-03-05,247,55,11,42,5.7,11,1
2020-09-17,276,64,1,34,7.8,3,2
2019-01-29,487,26,5,44,5.2,22,3
2020-10-10,76,73,6,15,7.8,3,5
2019-12-27,447,64,10,9,0.9,12,0
2019-12-06,501,13,6,42,4.0,7,0
2019-05-24,292,94,6,48,2.3,29,0
2019-01-28,143,80,1,13,5.6,19,2
2020-06-22,289,32,5,34,3.3,14,0
2020-05-20,326,59,10,51,6.2,7,4
2019-01-18,496,10,2,27,3.3,12,3
2020-06-16,8,69,2,6,4.4,21,2
2019-07-08,66,69,12,17,4.3,2,4
2020-09-20,20,76,7,12,7.3,5,1
2019-04-03,296,94,15,5,9.7,19,0
2020-07-29,259,78,12,11,3.3,7,4
2019-01-30,103,78,2,4,2.1,21,3
2020-01-28,260,97,6,8,3.6,5,1
2019-05-12,425,46,10,9,2.6,25,5
2020-05-16,105,23,9,50,3.0,8,3
2020-01-09,156,70,3,4,0.5,11,0
2019-01-19,31,21,10,25,6.2,4,5
2019-12-29,8,10,12,46,5.4,3,5
2019-06-16,222,66,12,51,8.3,25,1
2020-07-07,182,81,2,2,1.0,9,0
2020-01-14,133,37,13,41,5.7,23,1
2020-01-23,486,88,5,33,8.6,13,2
2019-07-28,269,83,15,49,6.1,18,4
2020-06-10,348,3,5,6,8.7,1,4
2019-08-29,301,10,11,12,6.6,3,0
2019-12-05,93,49,5,36,9.9,4,0
2019-08-18,158,41,7,45,7.6,1,1
2020-04-15,385,101,13,24,6.3,23,2
2019-07-25,196,77,3,32,5.2,19,5
2019-09-01,270,94,7,51,7.4,21,1
2020-07-20,139,47,1,18,9.9,20,4
2019-03-19,302,13,10,2,9.8,11,2
2020-12-12,69,39,15,35,8.8,16,4
2020-01-30,164,11,8,35,9.9,6,4
2020-01-04,111,47,1,16,2.5,10,3
2019-12-03,15,66,4,13,1.5,5,2
2020-05-26,162,68,1,38,8.4,6,5
2020-08-23,274,100,9,31,3.4,26,0
2019-12-05,162,61,5,1,4.8,11,0
2019-03-06,271,72,9,46,5.9,4,1
2019-11-15,476,74,1,8,5.6,19,1
2020-01-27,481,59,4,48,6.2,23,3
2020-05-20,499,27,13,36,2.5,25,0
2019-02-03,311,44,9,7,1.9,8,1
2020-01-16,355,52,5,1,8.3,4,3
2020-06-11,145,22,3,12,0.7,6,4
2020-11-02,155,70,10,22,8.9,1,2
2019-05-30,487,25,10,21,1.3,19,5
2020-06-30,262,72,6,29,1.8,9,3
2020-11-21,228,65,2,5,1.4,13,2
2020-02-04,495,100,1,8,4.1,1,1
2019-01-01,397,81,13,49,3.8,4,2
2020-06-18,209,17,6,6,4.6,13,3
2019-06-14,60,90,9,27,0.6,4,5
2020-11-15,362,96,5,27,5.1,11,3
2020-09-23,86,48,15,29,4.7,26,2
2019-11-07,432,12,4,34,6.8,22,3
2020-06-13,39,75,10,30,4.6,1,1
2020-01-13,307,53,1,36,5.4,4,5
2019-09-05,96,62,12,33,7.8,4,1
2019-08-07,215,45,12,42,6.4,11,1
2020-10-21,48,67,4,38,1.4,23,1
2019-12-31,175,96,5,40,2.4,15,5
2020-05-11,167,40,10,39,3.1,3,2
2020-05-12,256,77,2,22,3.2,20,4
2020-11-20,331,91,6,37,5.6,10,5
2019-10-20,226,47,4,40,1.7,4,3
2020-02-13,69,47,4,24,7.9,12,0
2020-01-02,137,49,15,15,5.0,23,4
2020-08-28,102,72,13,30,9.2,27,2
2020-04-30,342,11,5,51,7.5,19,3
2020-12-30,57,20,11,19,4.5,4,2
2019-10-12,60,91,6,27,3.9,5,2
2019-01-09,115,71,3,29,6.2,28,5
2020-03-01,136,94,14,11,3.8,13,1
2020-04-05,273,82,8,35,9.4,15,0
2019-09-19,356,93,10,2,6.4,22,0
2020-06-12,138,5,14,32,9.0,14,4
2020-10-18,178,16,10,42,7.5,10,4
2020-02-07,198,70,13,1,4.3,28,2
2020-06-11,408,65,5,45,1.1,9,2
2020-10-13,83,99,7,28,2.8,25,2
2019-08-20,30,74,14,36,1.8,14,1
2020-01-04,481,68,1,5,1.0,16,0
2020-10-23,336,44,4,27,1.8,9,5
2020-01-22,54,15,15,44,5.9,1,0
2019-12-09,172,35,6,35,2.7,4,1
2020-03-17,341,97,9,47,1.2,21,4
2020-08-02,65,34,15,20,0.9,14,5
2020-03-29,48,10,8,39,1.6,21,5
2019-04-24,448,32,7,4,5.9,7,0
2020-10-29,19,57,5,4,7.2,16,3
2020-07-15,436,31,13,12,3.0,27,0
2020-11-03,486,92,2,35,7.0,12,3
2020-02-14,166,18,3,47,6.9,13,2
2019-03-30,66,18,7,22,5.2,5,2
2020-03-04,392,71,15,1,9.8,25,3
2020-12-02,43,37,3,36,9.6,25,5
2019-03-13,145,49,5,6,6.2,6,2
2020-03-01,260,85,15,23,1.3,18,4
2019-04-29,411,52,2,43,9.2,25,0
2020-01-21,37,46,3,51,4.1,18,3
2019-07-29,225,23,10,26,6.8,17,1
2019-06-08,486,77,1,13,8.9,19,3
2020-08-08,30,36,8,37,5.1,23,1
2019-10-12,282,64,10,31,4.0,26,0
2020-04-25,24,89,9,25,6.5,7,1
2020-11-10,357,32,13,50,1.0,13,1
2019-10-14,269,69,13,42,9.2,28,1
2019-01-27,268,60,13,39,4.4,21,1
2019-12-02,60,74,7,50,3.1,13,4
2020-05-22,288,59,11,45,2.3,25,3
2019-04-03,266,40,4,23,0.8,1,3
2019-11-27,15,37,14,49,4.8,4,3
2019-08-23,387,66,4,7,0.9,12,2
2019-08-03,343,88,5,18,2.4,19,5
2019-06-22,373,9,7,23,1.3,17,4
2019-06-05,401,45,11,23,2.7,20,2
2019-11-23,351,97,14,20,9.8,14,0
2020-10-18,324,45,2,9,7.9,1,4
2020-06-03,326,13,8,47,0.5,18,1
2019-05-16,257,5,7,7,3.4,21,1
2020-02-03,181,22,7,31,6.9,10,2
2020-04-02,353,6,8,40,5.5,14,2
2020-08-30,359,51,8,43,0.7,19,5
2020-12-25,331,86,5,42,4.7,2,4
2019-01-18,174,70,14,10,1.8,15,2
2019-10-31,115,22,1,27,6.6,26,4
2020-02-03,121,17,6,5,7.2,21,3
2019-02-24,122,55,13,29,2.9,15,0
2019-04-16,479,16,10,6,9.7,30,2
2019-04-17,16,55,14,36,6.7,12,3
2020-06-18,13,20,6,34,8.4,23,1
2020-12-23,476,13,1,14,3.9,21,4
2020-05-06,447,54,3,14,9.7,7,4
2020-10-14,152,63,4,4,3.7,2,2
2020-12-03,265,33,10,5,5.7,8,0
2019-05-10,32,26,6,20,6.8,26,4
2019-03-11,446,4,1,29,4.2,9,2
2020-03-01,114,36,15,26,9.0,25,1
2019-08-06,486,4,10,19,6.8,26,3
2019-07-10,23,25,1,18,2.2,3,4
2020-08-05,112,25,6,40,1.7,4,3
2019-11-28,413,29,3,8,7.1,16,1
2020-04-01,301,41,3,1,6.1,30,3
2020-05-11,131,48,7,13,7.4,22,4
2020-11-11,316,39,6,23,2.0,8,2
2020-05-05,164,93,11,10,5.8,30,5
2020-12-17,271,8,3,4,6.0,15,4
2019-01-19,367,60,2,11,5.5,27,0
2020-03-30,458,51,4,20,3.0,15,3
2020-10-02,389,90,8,11,3.8,5,1
2019-04-18,299,22,13,3,4.0,20,2
2019-12-02,458,30,4,12,2.9,18,4
2020-03-25,14,61,14,10,4.4,26,4
2020-10-04,92,65,2,42,9.8,15,5
2020-04-23,312,40,1,9,3.1,26,2
2019-06-29,239,54,6,38,1.9,7,3
2019-08-11,122,74,8,51,1.2,21,5
2020-02-05,319,48,3,23,8.2,2,5
2019-12-27,208,81,15,31,4.8,18,3
2019-06-02,354,27,13,13,9.1,15,3
2019-12-31,471,89,4,10,3.0,9,0
2020-03-16,352,56,7,49,3.7,12,2
2020-03-20,259,46,3,41,5.7,29,3
2020-06-16,283,96,1,7,1.1,2,2
2019-12-23,161,72,2,2,2.7,20,1
2020-03-07,437,48,5,16,4.1,5,0
2019-12-25,318,3,1,2,4.2,4,3
2020-09-17,321,14,3,24,9.1,27,2
2020-12-14,157,72,2,51,5.0,15,0
2020-10-09,475,74,4,50,7.7,28,1
2020-04-24,318,90,14,40,5.4,23,0
2020-05-29,419,50,7,42,5.7,13,5
2019-01-08,246,68,13,49,2.5,22,3
2020-03-21,431,64,8,11,5.5,25,2
2020-03-04,176,9,8,18,2.9,24,3
2019-09-05,199,6,4,35,5.3,3,2
2020-10-05,140,30,10,2,6.3,22,4
2020-03-17,458,101,1,35,8.8,1,0
2020-02-23,119,52,10,45,0.9,12,0
2020-02-29,104,18,6,23,4.0,30,0
2019-03-09,411,63,4,24,0.6,16,3
2020-10-16,38,20,13,30,0.9,28,0
2019-08-27,41,72,13,37,4.4,9,2
2020-07-30,452,44,1,7,7.2,8,3
2019-09-21,334,89,1,51,5.4,7,0
2019-12-08,72,22,9,28,7.4,15,2
2020-12-06,450,57,11,18,6.3,3,0
2019-10-14,120,35,15,49,5.8,5,0
2019-11-03,29,1,5,43,4.2,22,3
2019-02-06,217,21,4,32,6.1,23,4
2020-09-21,222,99,8,22,4.5,12,5
2019-10-26,47,10,14,19,6.1,21,5
2019-01-08,117,57,10,47,1.1,21,3
2019-05-18,89,21,15,47,9.2,20,5
2019-03-15,248,93,11,17,6.9,23,3
2020-11-09,341,70,4,35,8.8,18,4
2019-03-28,133,80,8,20,7.7,23,2
2020-04-02,450,37,6,47,2.7,14,4
2019-09-11,381,17,4,26,3.6,18,2
2020-07-28,96,65,2,7,4.3,19,0
2019-07-27,477,7,2,6,3.3,26,1
2019-08-23,40,79,4,12,3.4,25,2
2019-07-17,317,14,7,47,2.2,4,3
2020-01-23,154,25,14,38,1.2,22,0
2019-04-09,466,92,13,40,2.4,30,5
2019-09-16,332,52,15,21,3.9,28,3
2020-07-22,309,6,15,13,3.7,6,3
2019-10-04,361,94,1,41,3.1,1,3
2020-12-25,395,68,4,40,8.8,16,1
2019-10-16,250,51,12,32,9.7,22,2
2019-11-26,330,27,4,25,4.1,10,1
2019-02-10,467,71,12,51,10.0,10,3
2020-09-26,118,100,10,27,2.0,22,5
2019-10-19,407,29,12,31,4.6,16,1
2019-05-12,345,93,4,7,4.1,28,4
2020-11-12,431,51,7,42,2.2,16,2
2019-02-28,290,13,11,48,3.2,22,3
2019-08-10,451,47,2,20,9.9,23,2
2020-04-04,137,92,2,45,9.6,16,0
2019-02-06,130,75,15,42,4.6,19,4
2020-01-15,499,7,3,7,4.4,4,1
2019-02-08,108,63,5,5,2.7,23,0
2020-05-31,187,61,6,8,9.5,18,2
2019-05-27,89,55,6,31,4.9,29,3
2020-09-07,492,33,9,27,7.6,19,3
2020-03-14,459,93,1,21,1.5,16,4
2020-07-25,328,36,1,49,7.6,26,1
2019-01-18,351,57,9,17,7.7,4,3
2020-04-20,42,93,6,47,3.9,26,4
2020-01-22,291,40,5,35,9.2,22,0
2019-01-09,184,37,13,32,4.8,12,4
2020-10-27,241,68,3,33,0.8,3,4
2019-07-05,452,27,12,51,0.9,17,0
2020-02-07,34,62,12,46,4.6,22,4
2020-06-08,11,100,11,27,0.8,8,4
2020-08-18,468,60,13,40,3.4,16,5
2019-09-13,326,59,2,25,3.0,16,5
2020-09-17,427,6,11,33,7.4,28,3
2020-02-16,386,33,8,36,0.7,10,1
2020-09-01,122,82,3,36,6.6,17,0
2020-04-04,361,96,11,10,1.3,19,5
2019-11-11,321,67,8,32,6.6,8,4
2019-11-05,313,20,5,34,4.8,27,3
2020-09-06,444,5,4,33,3.2,9,1
2020-09-20,252,101,10,22,1.0,18,0
2020-02-02,429,91,10,25,8.1,28,3
2020-06-29,460,45,1,41,7.4,17,4
2019-12-16,331,27,15,40,9.9,20,2
2019-03-08,267,66,10,35,4.2,7,5
2019-10-22,185,11,8,37,6.4,18,5
2020-12-12,108,24,1,26,9.0,12,4
2019-10-02,95,99,1,25,3.5,24,4
2019-01-31,210,95,1,46,7.5,6,2
2019-07-18,456,53,10,24,6.1,8,4
2020-10-18,486,98,14,41,6.5,22,4
2020-06-28,413,19,1,42,7.0,13,3
2019-12-29,6,15,10,42,8.9,20,1
2019-03-21,324,50,3,24,7.7,29,3
2019-11-13,180,63,5,38,1.9,18,3
2019-09-13,207,44,5,51,4.5,21,5
2020-11-17,363,49,10,41,6.4,21,4
2019-12-12,273,101,15,29,0.9,29,1
2019-05-13,184,81,3,43,1.8,1,1
2019-08-15,89,5,13,18,3.2,26,5
2019-07-01,266,17,3,40,1.0,13,3
2019-03-21,476,11,8,19,1.4,25,0
2020-08-19,165,1,6,18,9.3,12,4
2020-10-28,211,59,13,38,4.3,5,5
2020-06-14,222,1,8,13,0.9,16,0
2019-11-06,199,59,12,44,0.8,16,0
2019-03-09,312,61,10,22,4.3,14,0
2020-12-25,56,33,8,19,2.2,28,4
2020-07-07,402,20,14,14,2.8,1,0
2020-03-03,497,44,4,4,9.5,27,2
2020-07-08,157,52,8,2,3.0,11,3
2020-06-20,261,31,7,1,1.7,29,0
2020-04-27,18,24,7,38,9.1,3,0
2020-09-09,1,79,15,14,4.3,2,1
2020-01-31,252,19,15,44,6.4,19,2
2019-10-22,390,89,7,15,1.6,20,5
2019-03-28,152,56,13,13,6.4,16,0
2019-02-22,55,65,10,21,3.9,27,5
2020-05-17,340,36,8,40,7.0,13,5
2019-06-02,197,25,9,43,0.9,21,2
2019-08-21,322,2,11,15,7.0,8,5
2020-01-21,124,39,13,32,1.7,18,1
2020-01-22,282,67,6,29,0.9,26,4
2019-05-26,376,63,4,14,3.3,11,3
2019-03-14,7,88,1,48,9.7,8,2
2020-05-02,267,55,3,48,9.6,6,4
2020-07-07,224,1,9,41,2.1,6,5
2020-05-09,387,55,9,34,6.2,7,1
2020-04-03,245,16,10,33,1.1,18,4
2020-07-20,109,71,4,37,0.8,23,4
2020-12-29,340,35,8,20,9.2,1,4
2019-02-28,58,91,4,9,7.9,16,2
2020-08-09,125,22,2,18,2.4,6,2
2019-08-23,472,44,9,11,7.9,17,1
2020-10-27,97,21,14,12,9.2,14,4
2020-10-13,292,5,13,26,3.4,10,0
2020-01-19,258,23,2,21,9.3,1,3
2019-12-17,377,50,14,37,5.1,6,1
2019-11-03,138,16,5,38,3.7,13,3
2019-08-05,391,30,5,27,8.6,8,3
2020-04-04,117,7,14,16,1.5,28,4
2020-10-01,53,78,1,5,7.1,6,2
2020-07-29,453,60,8,44,4.8,6,4
2020-05-24,441,19,15,47,8.2,2,4
2019-10-20,334,54,14,4,9.7,2,2
2020-01-08,367,82,6,21,6.4,5,5
2020-01-03,456,70,4,28,5.6,18,5
2019-01-09,28,32,6,14,2.5,20,1
2020-01-07,87,26,8,4,5.5,26,2
2020-05-06,77,91,9,23,2.5,18,4
2019-03-12,252,96,9,32,6.8,25,0
2020-01-24,401,22,2,15,2.0,6,4
2020-03-10,331,18,11,27,5.1,6,3
2019-08-01,435,51,13,21,7.7,25,2
2020-08-02,305,88,12,26,5.4,22,2
2019-10-07,391,57,5,47,6.4,3,1
2020-05-20,115,11,12,28,5.7,19,1
2019-08-12,214,33,6,9,6.4,27,3
2020-08-02,352,93,9,17,4.0,25,2
2019-02-12,215,9,15,12,6.2,28,4
2020-06-25,310,94,4,40,5.4,27,0
2019-08-14,70,21,2,20,5.2,8,4
2020-07-22,350,13,10,19,0.9,23,5
2020-06-09,387,6,3,24,4.4,4,1
2019-08-04,485,74,9,51,8.7,3,3
2020-03-26,343,30,15,47,0.9,11,3
2019-04-06,261,64,9,12,8.3,3,2
2020-10-11,410,88,11,35,3.5,14,3
2019-01-10,419,50,1,30,7.1,8,1
2019-02-25,353,48,15,21,9.4,6,3
2020-04-26,300,61,6,25,8.0,16,4
2019-05-29,383,48,12,15,2.6,19,1
2020-04-16,49,78,15,41,8.6,21,3
2020-08-14,293,22,8,4,7.7,11,5
2019-12-18,415,27,15,34,9.0,11,4
2020-08-30,24,32,14,20,4.5,3,1
2020-04-29,441,43,3,21,5.3,27,0
2019-07-11,268,35,6,51,1.8,22,5
2020-04-20,93,28,10,45,3.3,29,4
2020-11-16,352,3,12,40,4.6,4,3
2019-09-26,186,83,9,23,1.2,7,1
2020-11-08,167,25,11,15,7.7,18,3
2019-03-26,425,34,8,39,0.7,29,3
2020-03-27,402,19,6,34,7.4,10,0
2019-06-01,70,49,12,46,7.4,5,2
2019-08-11,478,67,2,21,4.8,1,0
2019-05-27,456,6,13,27,4.5,9,1
2020-02-05,163,52,7,8,6.6,3,4
2020-04-24,173,10,13,10,8.2,22,2
2020-06-04,385,61,14,43,4.3,2,5
2019-06-06,412,81,15,44,9.3,11,1
2020-10-12,59,81,2,33,5.9,29,0
2019-10-02,92,4,12,10,4.3,10,0
2020-06-05,263,80,6,33,6.1,22,0
2019-12-12,233,96,2,14,1.4,20,5
2019-01-01,83,27,14,14,2.0,9,4
2019-03-07,184,5,13,36,5.7,14,4
2020-10-08,92,51,9,12,7.3,6,1
2020-09-06,403,62,2,36,8.9,8,2
2019-09-12,400,82,7,10,7.5,22,4
2019-05-27,382,70,11,1,9.7,17,4
2020-08-29,388,87,15,50,3.6,24,0
2019-11-17,128,50,2,11,4.5,4,3
2020-09-20,343,31,7,45,5.3,2,2
2019-05-16,107,31,8,34,0.6,12,3
2020-08-23,321,30,1,36,3.3,20,3
2020-01-08,248,14,14,9,7.7,13,4
2020-03-08,250,36,2,31,5.6,29,3
2020-07-20,338,68,3,19,7.3,14,5
2019-09-09,51,83,4,17,2.5,8,1
2019-12-01,293,79,1,8,4.0,13,5
2019-06-10,270,87,4,38,9.3,15,5
2019-12-07,337,61,2,15,9.7,19,4
2020-02-18,368,33,5,9,2.1,14,5
2019-10-30,60,44,2,31,6.3,22,2
2019-05-18,65,26,10,7,7.9,11,2
2020-10-06,43,35,7,1,1.7,7,5
2019-08-30,239,6,14,50,6.8,6,1
2019-01-01,196,4,4,13,3.1,15,4
2019-10-04,427,52,3,3,1.9,17,1
2020-05-12,404,50,4,49,6.0,14,1
2019-06-20,409,44,10,29,2.1,9,4
2019-09-03,74,12,10,51,5.3,19,5
2019-07-06,147,80,11,38,1.4,29,4
2019-04-04,262,51,1,22,2.8,30,0
2019-04-30,111,43,15,24,3.7,8,0
2019-02-05,266,63,6,5,8.0,9,4
2019-03-09,482,81,3,6,3.4,5,4
2019-07-16,299,50,14,48,5.3,25,3
2019-08-05,218,20,13,45,6.2,27,1
2020-03-06,379,93,14,49,3.7,6,2
2020-07-21,262,1,15,46,7.2,15,3
2020-03-20,451,50,10,24,1.8,11,4
2020-08-19,437,88,14,50,4.2,11,1
2019-08-11,495,52,10,47,9.1,23,4
2019-09-18,441,39,10,51,3.3,16,0
2020-01-19,91,8,8,35,1.6,12,2
2020-01-06,78,66,15,49,9.9,25,3
2019-10-26,315,53,2,20,4.9,9,4
2019-03-21,230,15,11,13,3.7,17,4
2020-05-02,442,47,2,9,1.8,16,1
2020-03-19,106,3,13,46,6.0,29,0
2019-04-03,347,44,15,35,9.0,5,0
2019-01-03,182,99,11,12,9.4,26,1
2020-11-25,327,46,9,23,8.2,13,0
2019-08-12,456,68,11,39,5.6,3,5
2019-07-17,58,98,4,45,4.6,7,2
2019-06-22,222,94,4,30,5.3,13,4
2019-01-31,497,40,1,33,8.8,8,2
2020-10-05,228,40,3,30,0.9,26,4
2019-08-21,315,64,9,18,8.8,28,5
2020-09-27,337,3,9,8,4.4,10,3
2020-03-12,471,29,7,48,2.6,23,4
2019-07-03,16,18,2,46,9.8,23,1
2020-11-05,288,95,12,28,6.2,1,0
2019-05-29,340,75,7,6,8.8,30,5
2019-07-04,261,27,14,27,6.7,28,1
2020-12-13,404,15,12,23,4.0,15,4
2019-08-17,413,62,7,14,5.5,3,4
2019-12-18,144,46,1,23,8.9,16,5
2019-10-14,286,30,5,18,4.9,27,5
2019-10-20,240,91,6,15,2.8,28,4
2019-05-26,478,89,4,30,2.0,10,5
2019-08-04,460,59,8,14,2.1,7,5
2020-12-08,361,8,1,25,3.5,28,1
2019-04-27,154,35,15,16,5.2,21,1
2020-01-12,60,33,5,9,6.6,1,5
2020-07-16,170,15,9,26,5.9,25,4
2019-05-10,289,65,1,31,9.7,23,2
2019-02-14,349,57,6,17,4.3,21,1
2019-12-06,444,37,1,30,3.9,7,4
2019-02-27,395,34,13,24,3.1,2,2
2020-10-25,319,43,2,5,4.8,13,1
2020-10-30,428,63,5,4,6.8,11,4
2020-07-02,219,88,12,12,6.6,22,0
2020-11-17,336,6,3,30,3.8,6,0
2020-12-20,39,34,7,18,6.8,25,3
2019-05-13,234,39,8,1,4.5,2,2
2019-03-17,61,93,9,27,6.7,26,2
2019-11-05,146,23,12,21,6.6,14,0
2020-07-20,419,5,5,1,3.8,18,5
2019-05-25,344,38,3,37,8.8,23,1
2019-06-07,65,77,11,23,5.3,9,2
2019-01-06,296,22,1,51,6.4,4,3
2019-12-18,317,53,10,45,1.0,21,2
2020-07-20,430,67,4,8,7.9,18,5
2020-04-10,96,58,11,46,4.7,9,0
2020-07-08,338,75,3,36,2.1,11,3
2019-08-16,306,80,5,22,9.0,12,2
2020-04-08,117,93,8,6,2.4,4,5
2019-07-30,460,44,1,23,9.9,21,0
2020-02-17,481,50,10,15,7.4,20,5
2019-11-20,461,23,8,13,9.7,17,1
2019-05-01,7,39,13,45,4.7,11,2
2019-11-25,65,24,7,44,7.1,19,4
2019-01-09,398,53,13,15,4.1,15,2
2019-07-08,489,60,5,45,8.1,7,5
2020-07-17,286,29,14,11,5.5,28,4
2019-08-10,342,5,15,48,4.4,13,3
2020-04-01,180,14,4,7,2.0,13,2
2019-06-01,387,89,12,31,4.3,2,2
2019-03-12,454,63,7,9,7.3,1,1
2020-02-13,266,28,4,26,8.2,7,1
2019-06-24,234,84,14,21,5.0,6,0
2020-08-23,435,77,12,5,6.5,9,2
2020-10-11,46,79,13,24,6.8,29,2
2019-09-06,86,49,7,1,5.8,30,4
2019-05-05,6,54,4,50,10.0,5,3
2020-02-01,280,83,11,50,5.5,29,3
2020-05-23,243,100,3,8,4.9,29,4
2020-12-27,247,71,5,21,6.7,27,1
2020-04-25,228,21,4,49,9.7,24,4
2019-09-20,283,59,10,46,6.7,7,2
2019-12-01,501,4,12,23,2.4,2,0
2020-07-12,431,11,2,11,2.7,23,4
2019-11-17,176,11,10,1,5.0,21,5
2020-08-01,301,70,4,46,7.6,14,0
2019-04-24,121,88,13,35,5.8,27,5
2020-09-03,125,59,6,18,3.0,9,5
2020-10-08,261,47,12,26,9.2,12,1
2020-04-29,210,14,4,18,7.9,13,5
2019-05-27,75,78,10,19,3.4,2,2
2019-04-14,27,83,8,24,8.5,8,2
2019-02-16,137,32,10,43,7.6,10,0
2019-05-23,223,52,2,10,0.9,24,4
2019-07-18,452,19,8,3,3.2,16,1
2019-07-25,233,38,15,9,1.4,3,5
2020-10-18,92,16,14,2,4.0,19,3
2019-01-31,416,31,13,51,0.5,30,3
2020-01-22,268,84,8,1,5.8,25,0
2019-05-22,294,52,4,30,7.1,28,4
2020-01-07,74,38,6,34,8.6,8,3
2020-08-10,397,43,15,45,5.1,19,5
2019-01-23,478,86,5,32,6.2,29,3
2019-05-11,477,13,7,10,3.8,14,0
2020-09-07,384,15,11,4,8.9,23,0
2020-01-09,9,68,12,36,2.1,17,5
2020-08-09,10,67,3,48,9.2,5,3
2020-09-15,57,18,11,11,5.2,12,4
2020-07-02,422,29,7,8,7.0,9,4
2020-01-20,377,1,9,8,2.2,14,1
2020-01-31,111,54,14,27,4.1,29,4
2020-05-21,236,40,13,43,7.9,19,4
2020-07-05,420,18,8,48,5.5,15,2
2020-07-26,220,83,12,40,7.1,24,5
2020-02-05,429,42,6,32,3.4,11,2
2020-09-26,234,44,13,8,2.8,7,5
2019-11-16,307,50,11,17,6.2,15,2
2020-08-30,428,3,9,43,3.7,26,4
2019-03-04,151,15,1,32,1.7,25,0
2020-10-22,329,61,14,10,3.6,20,4
2020-08-19,106,21,2,4,7.8,20,4
2020-06-22,310,21,9,17,7.3,27,1
2019-11-30,355,82,15,1,5.8,19,4
2020-11-25,140,86,12,37,4.5,4,2
2020-12-27,3,24,11,39,9.5,16,4
2019-10-16,54,30,13,48,7.2,16,2
2020-07-26,264,91,15,42,6.1,27,2
2020-09-21,45,100,7,36,3.0,18,3
2019-11-14,361,80,7,28,6.0,22,3
2020-02-18,255,10,2,16,1.1,25,2
2019-11-12,159,74,14,39,2.9,5,5
2019-05-27,337,44,11,37,5.4,17,1
2019-06-11,219,95,10,39,8.3,20,1
2020-02-05,443,62,14,36,1.8,16,5
2020-11-21,37,6,5,33,2.2,3,1
2020-09-01,84,93,8,4,8.0,12,0
2019-02-01,187,68,13,24,1.7,11,5
2020-07-14,474,27,7,29,7.1,13,2
2020-09-27,204,71,15,50,5.9,24,2
2019-04-21,78,27,13,19,3.8,22,4
2019-09-19,444,96,8,9,5.7,19,0
2020-05-23,481,67,14,34,1.3,9,4
2019-02-19,313,84,6,47,5.7,28,5
2020-10-21,343,4,8,48,6.5,24,2
2020-08-24,150,90,5,5,9.0,22,5
2019-05-31,227,66,10,22,2.3,24,4
2020-05-05,235,88,13,25,3.6,28,4
2020-12-11,288,76,11,23,1.1,7,3
2019-09-28,63,65,5,26,3.7,22,1
2019-04-03,416,41,7,34,5.0,21,3
2019-03-13,183,95,2,26,6.8,17,3
2019-12-09,408,42,5,4,7.0,28,1
2020-11-13,192,91,15,51,10.0,15,0
2019-04-26,149,30,3,20,7.8,12,3
2020-05-19,62,32,5,11,9.2,20,4
2020-03-31,449,2,3,4,9.6,23,2
2019-01-27,185,66,7,45,2.9,8,5
2020-09-21,429,34,2,27,4.9,22,2
2020-07-23,170,19,2,25,3.2,25,3
2020-08-04,396,50,4,15,7.7,6,1
2020-01-14,51,6,15,35,3.1,21,5
2019-01-12,91,50,8,25,9.4,25,4
2019-10-31,209,73,8,29,7.3,11,1
2019-10-02,415,3,14,1,9.8,30,5
2019-05-19,111,85,4,9,4.4,8,3
2019-07-28,76,73,13,46,6.9,16,4
2020-04-20,289,21,12,28,9.7,30,2
2020-11-21,460,62,15,30,8.3,3,3
2019-12-18,435,41,14,31,1.4,1,4
2019-02-08,282,82,5,39,2.5,7,3
2019-10-10,57,83,6,15,6.6,23,4
2020-10-31,476,99,4,50,7.6,28,3
2019-08-04,135,11,15,6,9.5,30,2
2020-10-20,495,1,3,13,4.1,1,5
2020-12-13,90,4,5,31,4.6,16,0
2020-11-17,473,82,15,11,8.8,30,4
2019-02-16,90,32,11,15,6.2,22,1
2020-12-26,222,1,4,13,5.9,4,1
2019-09-23,317,55,9,28,5.3,26,3
2020-01-14,302,21,8,8,3.0,9,5
2020-09-02,389,53,7,40,2.5,16,2
2019-02-03,141,57,15,14,9.9,9,2
2020-01-26,392,61,10,43,1.0,7,2
2019-02-01,219,70,6,43,9.9,14,2
2019-01-19,341,11,10,9,9.5,9,4
2020-05-06,85,42,1,7,8.2,19,0
2020-08-09,368,40,12,1,7.1,30,2
2020-08-26,395,18,4,30,2.6,17,1
2020-04-15,470,1,2,17,9.5,14,0
2019-10-19,84,56,1,20,4.8,11,4
2019-04-12,34,42,1,32,1.9,26,4
2020-11-06,492,36,1,25,8.7,8,4
2019-02-15,373,2,8,17,1.4,15,5
2019-01-29,449,9,1,19,9.3,3,4
2019-07-12,500,58,7,28,8.3,14,1
2020-03-10,484,70,3,31,2.5,10,3
2019-12-31,292,91,4,33,8.2,10,4
2020-10-25,17,24,14,31,7.7,25,4
2020-10-01,394,61,5,21,5.4,24,1
2019-04-25,346,3,5,38,0.8,15,0
2019-10-21,405,44,5,30,8.4,1,4
2020-12-27,41,94,8,2,2.8,18,0
